time,0
2020-01-01 00:00:00,220489.77765710317
2020-01-01 03:00:00,308249.86091861
2020-01-01 06:00:00,147146.51813232532
2020-01-01 09:00:00,0.0
2020-01-01 12:00:00,0.0
2020-01-01 15:00:00,0.0
2020-01-01 18:00:00,0.0
2020-01-01 21:00:00,15012.956464822488
2020-01-02 00:00:00,219802.76036215367
2020-01-02 03:00:00,299947.99180949206
2020-01-02 06:00:00,152419.71218280547
2020-01-02 09:00:00,0.0
2020-01-02 12:00:00,0.0
2020-01-02 15:00:00,0.0
2020-01-02 18:00:00,0.0
2020-01-02 21:00:00,14351.280507800813
2020-01-03 00:00:00,208902.96599860286
2020-01-03 03:00:00,287587.3446017477
2020-01-03 06:00:00,149533.47152076935
2020-01-03 09:00:00,0.0
2020-01-03 12:00:00,0.0
2020-01-03 15:00:00,0.0
2020-01-03 18:00:00,0.0
2020-01-03 21:00:00,16306.171074848437
2020-01-04 00:00:00,234089.66062169697
2020-01-04 03:00:00,322300.34211705497
2020-01-04 06:00:00,161978.4391018724
2020-01-04 09:00:00,0.0
2020-01-04 12:00:00,0.0
2020-01-04 15:00:00,0.0
2020-01-04 18:00:00,0.0
2020-01-04 21:00:00,15464.94294264192
2020-01-05 00:00:00,213716.04060982872
2020-01-05 03:00:00,276310.3381306873
2020-01-05 06:00:00,145931.66995892324
2020-01-05 09:00:00,0.0
2020-01-05 12:00:00,0.0
2020-01-05 15:00:00,0.0
2020-01-05 18:00:00,0.0
2020-01-05 21:00:00,19068.158118456166
2020-01-06 00:00:00,253484.49707836623
2020-01-06 03:00:00,311218.1969623435
2020-01-06 06:00:00,97650.59365873608
2020-01-06 09:00:00,0.0
2020-01-06 12:00:00,0.0
2020-01-06 15:00:00,0.0
2020-01-06 18:00:00,0.0
2020-01-06 21:00:00,2807.9972621927996
2020-01-07 00:00:00,42756.24569759003
2020-01-07 03:00:00,85009.11506289223
2020-01-07 06:00:00,52393.1114369001
2020-01-07 09:00:00,0.0
2020-01-07 12:00:00,0.0
2020-01-07 15:00:00,0.0
2020-01-07 18:00:00,0.0
2020-01-07 21:00:00,6868.1097372683025
2020-01-08 00:00:00,152671.31623993587
2020-01-08 03:00:00,223207.65935690078
2020-01-08 06:00:00,115900.85370663347
2020-01-08 09:00:00,0.0
2020-01-08 12:00:00,0.0
2020-01-08 15:00:00,0.0
2020-01-08 18:00:00,0.0
2020-01-08 21:00:00,10512.30180488354
2020-01-09 00:00:00,172481.9819377555
2020-01-09 03:00:00,251738.31396850853
2020-01-09 06:00:00,165145.72849515072
2020-01-09 09:00:00,0.0
2020-01-09 12:00:00,0.0
2020-01-09 15:00:00,0.0
2020-01-09 18:00:00,0.0
2020-01-09 21:00:00,17470.175713882385
2020-01-10 00:00:00,248674.45615063718
2020-01-10 03:00:00,328093.7211654078
2020-01-10 06:00:00,175084.09086150376
2020-01-10 09:00:00,0.0
2020-01-10 12:00:00,0.0
2020-01-10 15:00:00,0.0
2020-01-10 18:00:00,0.0
2020-01-10 21:00:00,5530.420569131856
2020-01-11 00:00:00,179649.84797908133
2020-01-11 03:00:00,374197.89891145634
2020-01-11 06:00:00,186881.32943314605
2020-01-11 09:00:00,0.0
2020-01-11 12:00:00,0.0
2020-01-11 15:00:00,0.0
2020-01-11 18:00:00,0.0
2020-01-11 21:00:00,3705.7573399018447
2020-01-12 00:00:00,101108.15235303389
2020-01-12 03:00:00,176670.44707677484
2020-01-12 06:00:00,102119.24492041835
2020-01-12 09:00:00,0.0
2020-01-12 12:00:00,0.0
2020-01-12 15:00:00,0.0
2020-01-12 18:00:00,0.0
2020-01-12 21:00:00,16777.50247438947
2020-01-13 00:00:00,223366.74331099103
2020-01-13 03:00:00,309648.08790493675
2020-01-13 06:00:00,154996.1736877077
2020-01-13 09:00:00,0.0
2020-01-13 12:00:00,0.0
2020-01-13 15:00:00,0.0
2020-01-13 18:00:00,0.0
2020-01-13 21:00:00,11981.311812275217
2020-01-14 00:00:00,145138.99301103907
2020-01-14 03:00:00,160238.34551064394
2020-01-14 06:00:00,47791.12025607377
2020-01-14 09:00:00,0.0
2020-01-14 12:00:00,0.0
2020-01-14 15:00:00,0.0
2020-01-14 18:00:00,0.0
2020-01-14 21:00:00,17474.51153219287
2020-01-15 00:00:00,233360.44716789425
2020-01-15 03:00:00,303242.5220346601
2020-01-15 06:00:00,163711.48538152163
2020-01-15 09:00:00,0.0
2020-01-15 12:00:00,0.0
2020-01-15 15:00:00,0.0
2020-01-15 18:00:00,0.0
2020-01-15 21:00:00,6395.38827667435
2020-01-16 00:00:00,110924.61308020538
2020-01-16 03:00:00,199605.6390825119
2020-01-16 06:00:00,101759.86104552113
2020-01-16 09:00:00,0.0
2020-01-16 12:00:00,0.0
2020-01-16 15:00:00,0.0
2020-01-16 18:00:00,0.0
2020-01-16 21:00:00,6838.060628456589
2020-01-17 00:00:00,156106.43571020206
2020-01-17 03:00:00,224776.33073770578
2020-01-17 06:00:00,96717.10300692517
2020-01-17 09:00:00,0.0
2020-01-17 12:00:00,0.0
2020-01-17 15:00:00,0.0
2020-01-17 18:00:00,0.0
2020-01-17 21:00:00,12556.961439684219
2020-01-18 00:00:00,225958.79775514576
2020-01-18 03:00:00,355781.0248216627
2020-01-18 06:00:00,176152.77235792822
2020-01-18 09:00:00,0.0
2020-01-18 12:00:00,0.0
2020-01-18 15:00:00,0.0
2020-01-18 18:00:00,0.0
2020-01-18 21:00:00,17640.74570013564
2020-01-19 00:00:00,224360.03716727527
2020-01-19 03:00:00,259238.91687826504
2020-01-19 06:00:00,111698.32755550394
2020-01-19 09:00:00,0.0
2020-01-19 12:00:00,0.0
2020-01-19 15:00:00,0.0
2020-01-19 18:00:00,0.0
2020-01-19 21:00:00,14240.664158711319
2020-01-20 00:00:00,213511.27290224715
2020-01-20 03:00:00,252684.29698415042
2020-01-20 06:00:00,127966.33087175242
2020-01-20 09:00:00,0.0
2020-01-20 12:00:00,0.0
2020-01-20 15:00:00,0.0
2020-01-20 18:00:00,0.0
2020-01-20 21:00:00,16063.084033510871
2020-01-21 00:00:00,233507.52710150904
2020-01-21 03:00:00,313224.5854928942
2020-01-21 06:00:00,183470.2554388531
2020-01-21 09:00:00,0.0
2020-01-21 12:00:00,0.0
2020-01-21 15:00:00,0.0
2020-01-21 18:00:00,0.0
2020-01-21 21:00:00,12287.214276959072
2020-01-22 00:00:00,205804.50021250482
2020-01-22 03:00:00,242809.98520613462
2020-01-22 06:00:00,68434.61627577287
2020-01-22 09:00:00,0.0
2020-01-22 12:00:00,0.0
2020-01-22 15:00:00,0.0
2020-01-22 18:00:00,0.0
2020-01-22 21:00:00,1523.3723701861468
2020-01-23 00:00:00,68042.00608769053
2020-01-23 03:00:00,182639.40098913456
2020-01-23 06:00:00,98028.8954277829
2020-01-23 09:00:00,0.0
2020-01-23 12:00:00,0.0
2020-01-23 15:00:00,0.0
2020-01-23 18:00:00,0.0
2020-01-23 21:00:00,4384.963072388721
2020-01-24 00:00:00,100017.45793787295
2020-01-24 03:00:00,167577.29621620098
2020-01-24 06:00:00,105365.2178189379
2020-01-24 09:00:00,0.0
2020-01-24 12:00:00,0.0
2020-01-24 15:00:00,0.0
2020-01-24 18:00:00,0.0
2020-01-24 21:00:00,9603.272880985895
2020-01-25 00:00:00,154872.36965644037
2020-01-25 03:00:00,160470.79286958373
2020-01-25 06:00:00,54495.429951725884
2020-01-25 09:00:00,0.0
2020-01-25 12:00:00,0.0
2020-01-25 15:00:00,0.0
2020-01-25 18:00:00,0.0
2020-01-25 21:00:00,5990.739639709322
2020-01-26 00:00:00,187558.40736710577
2020-01-26 03:00:00,328768.0587785335
2020-01-26 06:00:00,136058.8919443177
2020-01-26 09:00:00,3.2204523177850435
2020-01-26 12:00:00,0.0
2020-01-26 15:00:00,0.0
2020-01-26 18:00:00,0.0
2020-01-26 21:00:00,1367.9932228872833
2020-01-27 00:00:00,46496.48632155485
2020-01-27 03:00:00,82588.28157623034
2020-01-27 06:00:00,36248.02660943701
2020-01-27 09:00:00,9.324680701207038
2020-01-27 12:00:00,0.0
2020-01-27 15:00:00,0.0
2020-01-27 18:00:00,0.0
2020-01-27 21:00:00,5541.816392818156
2020-01-28 00:00:00,86775.33216093254
2020-01-28 03:00:00,146615.46315721405
2020-01-28 06:00:00,73163.79239680871
2020-01-28 09:00:00,105.13172958298253
2020-01-28 12:00:00,0.0
2020-01-28 15:00:00,0.0
2020-01-28 18:00:00,0.0
2020-01-28 21:00:00,9837.202505709769
2020-01-29 00:00:00,205023.77039666852
2020-01-29 03:00:00,335190.5536754652
2020-01-29 06:00:00,198041.23787918375
2020-01-29 09:00:00,587.9617291699384
2020-01-29 12:00:00,0.0
2020-01-29 15:00:00,0.0
2020-01-29 18:00:00,0.0
2020-01-29 21:00:00,15917.928128974465
2020-01-30 00:00:00,233865.8795355353
2020-01-30 03:00:00,323039.39388243423
2020-01-30 06:00:00,195686.20040004788
2020-01-30 09:00:00,1073.2075336873418
2020-01-30 12:00:00,0.0
2020-01-30 15:00:00,0.0
2020-01-30 18:00:00,0.0
2020-01-30 21:00:00,16652.436581587634
2020-01-31 00:00:00,224505.82815170358
2020-01-31 03:00:00,280478.8495855366
2020-01-31 06:00:00,161531.93387774538
2020-01-31 09:00:00,1352.433349984209
2020-01-31 12:00:00,0.0
2020-01-31 15:00:00,0.0
2020-01-31 18:00:00,0.0
2020-01-31 21:00:00,16896.274999798552
2020-02-01 00:00:00,236812.23561875994
2020-02-01 03:00:00,288566.80988229817
2020-02-01 06:00:00,179946.204964759
2020-02-01 09:00:00,2611.0528111505973
2020-02-01 12:00:00,0.0
2020-02-01 15:00:00,0.0
2020-02-01 18:00:00,0.0
2020-02-01 21:00:00,17061.09925712315
2020-02-02 00:00:00,251632.93036710526
2020-02-02 03:00:00,362296.9267301487
2020-02-02 06:00:00,203901.85004520076
2020-02-02 09:00:00,2062.4192377791524
2020-02-02 12:00:00,0.0
2020-02-02 15:00:00,0.0
2020-02-02 18:00:00,0.0
2020-02-02 21:00:00,17667.40429348252
2020-02-03 00:00:00,240461.72301677495
2020-02-03 03:00:00,330161.5437289638
2020-02-03 06:00:00,178859.64767531198
2020-02-03 09:00:00,3128.7829223360736
2020-02-03 12:00:00,0.0
2020-02-03 15:00:00,0.0
2020-02-03 18:00:00,0.0
2020-02-03 21:00:00,21257.352836558148
2020-02-04 00:00:00,288329.3907772326
2020-02-04 03:00:00,413514.0550737241
2020-02-04 06:00:00,253244.03146583267
2020-02-04 09:00:00,5446.50541808494
2020-02-04 12:00:00,0.0
2020-02-04 15:00:00,0.0
2020-02-04 18:00:00,0.0
2020-02-04 21:00:00,20351.710058448476
2020-02-05 00:00:00,267703.50573899434
2020-02-05 03:00:00,353423.53242547653
2020-02-05 06:00:00,194202.67588801944
2020-02-05 09:00:00,3947.4005112940617
2020-02-05 12:00:00,0.0
2020-02-05 15:00:00,0.0
2020-02-05 18:00:00,0.0
2020-02-05 21:00:00,13310.875687261467
2020-02-06 00:00:00,186211.39489044665
2020-02-06 03:00:00,241242.69509079796
2020-02-06 06:00:00,149294.84875053843
2020-02-06 09:00:00,4280.597116207292
2020-02-06 12:00:00,0.0
2020-02-06 15:00:00,0.0
2020-02-06 18:00:00,0.0
2020-02-06 21:00:00,8244.529306787024
2020-02-07 00:00:00,181201.4867565221
2020-02-07 03:00:00,273774.72442256275
2020-02-07 06:00:00,122174.46678979922
2020-02-07 09:00:00,1553.6298887830133
2020-02-07 12:00:00,0.0
2020-02-07 15:00:00,0.0
2020-02-07 18:00:00,0.0
2020-02-07 21:00:00,17072.27775096632
2020-02-08 00:00:00,242923.871663124
2020-02-08 03:00:00,359071.54656874354
2020-02-08 06:00:00,215127.57921213118
2020-02-08 09:00:00,5905.498242080112
2020-02-08 12:00:00,0.0
2020-02-08 15:00:00,0.0
2020-02-08 18:00:00,0.0
2020-02-08 21:00:00,22442.78493937811
2020-02-09 00:00:00,272740.6450110825
2020-02-09 03:00:00,343824.3804303288
2020-02-09 06:00:00,196168.81782566535
2020-02-09 09:00:00,8868.560978906575
2020-02-09 12:00:00,0.0
2020-02-09 15:00:00,0.0
2020-02-09 18:00:00,0.0
2020-02-09 21:00:00,18946.552405547478
2020-02-10 00:00:00,246469.53030432243
2020-02-10 03:00:00,321805.1797479817
2020-02-10 06:00:00,193773.2043584255
2020-02-10 09:00:00,8466.88587293817
2020-02-10 12:00:00,0.0
2020-02-10 15:00:00,0.0
2020-02-10 18:00:00,0.0
2020-02-10 21:00:00,23256.26008343725
2020-02-11 00:00:00,312271.6390239685
2020-02-11 03:00:00,461589.05752015975
2020-02-11 06:00:00,269378.13693528756
2020-02-11 09:00:00,5847.507599891071
2020-02-11 12:00:00,0.0
2020-02-11 15:00:00,0.0
2020-02-11 18:00:00,0.0
2020-02-11 21:00:00,17688.575612299017
2020-02-12 00:00:00,210651.47312097182
2020-02-12 03:00:00,196862.8382834965
2020-02-12 06:00:00,40139.37501703943
2020-02-12 09:00:00,564.378396309241
2020-02-12 12:00:00,0.0
2020-02-12 15:00:00,0.0
2020-02-12 18:00:00,0.0
2020-02-12 21:00:00,8907.088742154001
2020-02-13 00:00:00,174914.28861616252
2020-02-13 03:00:00,308522.2422360411
2020-02-13 06:00:00,210268.13869391897
2020-02-13 09:00:00,9448.187785072661
2020-02-13 12:00:00,0.0
2020-02-13 15:00:00,0.0
2020-02-13 18:00:00,0.0
2020-02-13 21:00:00,6139.468574128402
2020-02-14 00:00:00,83514.49503959664
2020-02-14 03:00:00,139224.613131293
2020-02-14 06:00:00,135900.58003670958
2020-02-14 09:00:00,10654.094759048783
2020-02-14 12:00:00,0.0
2020-02-14 15:00:00,0.0
2020-02-14 18:00:00,0.0
2020-02-14 21:00:00,5019.433227364859
2020-02-15 00:00:00,94844.27235379147
2020-02-15 03:00:00,275051.3986807173
2020-02-15 06:00:00,217210.6519069138
2020-02-15 09:00:00,8270.372266744593
2020-02-15 12:00:00,0.0
2020-02-15 15:00:00,0.0
2020-02-15 18:00:00,0.0
2020-02-15 21:00:00,2191.3233276813457
2020-02-16 00:00:00,45923.96899363979
2020-02-16 03:00:00,41112.90913424667
2020-02-16 06:00:00,27372.26709575703
2020-02-16 09:00:00,1982.1532743768933
2020-02-16 12:00:00,0.0
2020-02-16 15:00:00,0.0
2020-02-16 18:00:00,0.0
2020-02-16 21:00:00,15914.683051601176
2020-02-17 00:00:00,221985.89161515358
2020-02-17 03:00:00,341297.1566704773
2020-02-17 06:00:00,223103.12444476795
2020-02-17 09:00:00,11369.757071590604
2020-02-17 12:00:00,0.0
2020-02-17 15:00:00,0.0
2020-02-17 18:00:00,0.0
2020-02-17 21:00:00,22411.788969212666
2020-02-18 00:00:00,268305.4548026277
2020-02-18 03:00:00,351412.34044452786
2020-02-18 06:00:00,186030.9642107015
2020-02-18 09:00:00,9915.803398762497
2020-02-18 12:00:00,0.0
2020-02-18 15:00:00,0.0
2020-02-18 18:00:00,0.0
2020-02-18 21:00:00,26238.971661334894
2020-02-19 00:00:00,297547.83320985
2020-02-19 03:00:00,405101.46290727466
2020-02-19 06:00:00,259575.092575214
2020-02-19 09:00:00,15019.272880037532
2020-02-19 12:00:00,0.0
2020-02-19 15:00:00,0.0
2020-02-19 18:00:00,0.0
2020-02-19 21:00:00,15160.071072259096
2020-02-20 00:00:00,199779.90464223473
2020-02-20 03:00:00,341595.8330350811
2020-02-20 06:00:00,227499.70892523462
2020-02-20 09:00:00,13796.514883904993
2020-02-20 12:00:00,0.0
2020-02-20 15:00:00,0.0
2020-02-20 18:00:00,0.0
2020-02-20 21:00:00,28930.810205622936
2020-02-21 00:00:00,326546.80310959823
2020-02-21 03:00:00,452738.74344990496
2020-02-21 06:00:00,259691.51386886567
2020-02-21 09:00:00,12952.687866216105
2020-02-21 12:00:00,0.0
2020-02-21 15:00:00,0.0
2020-02-21 18:00:00,0.0
2020-02-21 21:00:00,6859.474034084884
2020-02-22 00:00:00,68851.95909129229
2020-02-22 03:00:00,199552.18499598495
2020-02-22 06:00:00,207151.8250046196
2020-02-22 09:00:00,13912.98951396418
2020-02-22 12:00:00,0.0
2020-02-22 15:00:00,0.0
2020-02-22 18:00:00,0.0
2020-02-22 21:00:00,26342.995780759065
2020-02-23 00:00:00,272425.95442116715
2020-02-23 03:00:00,385945.00757559005
2020-02-23 06:00:00,251094.7928384919
2020-02-23 09:00:00,15129.151676171707
2020-02-23 12:00:00,0.0
2020-02-23 15:00:00,0.0
2020-02-23 18:00:00,0.0
2020-02-23 21:00:00,30292.16527440566
2020-02-24 00:00:00,328352.4829768041
2020-02-24 03:00:00,467881.5357689344
2020-02-24 06:00:00,290047.4240253231
2020-02-24 09:00:00,15172.91286909485
2020-02-24 12:00:00,0.0
2020-02-24 15:00:00,0.0
2020-02-24 18:00:00,0.0
2020-02-24 21:00:00,10445.35411609823
2020-02-25 00:00:00,144114.51886980757
2020-02-25 03:00:00,256965.34042055273
2020-02-25 06:00:00,174326.61105054783
2020-02-25 09:00:00,7124.55357075595
2020-02-25 12:00:00,0.0
2020-02-25 15:00:00,0.0
2020-02-25 18:00:00,0.0
2020-02-25 21:00:00,13801.044220644551
2020-02-26 00:00:00,191416.27409957055
2020-02-26 03:00:00,261785.96080848738
2020-02-26 06:00:00,154648.8519252188
2020-02-26 09:00:00,7995.32287526875
2020-02-26 12:00:00,0.0
2020-02-26 15:00:00,0.0
2020-02-26 18:00:00,0.0
2020-02-26 21:00:00,24874.998951908958
2020-02-27 00:00:00,280685.57797574805
2020-02-27 03:00:00,410686.04138880695
2020-02-27 06:00:00,251837.6959189776
2020-02-27 09:00:00,15088.861150039002
2020-02-27 12:00:00,0.0
2020-02-27 15:00:00,0.0
2020-02-27 18:00:00,0.0
2020-02-27 21:00:00,33362.08836961403
2020-02-28 00:00:00,324986.8202270584
2020-02-28 03:00:00,307317.68291656923
2020-02-28 06:00:00,84252.27343506535
2020-02-28 09:00:00,2739.9142628738587
2020-02-28 12:00:00,0.0
2020-02-28 15:00:00,0.0
2020-02-28 18:00:00,0.0
2020-02-28 21:00:00,7467.08419228782
2020-02-29 00:00:00,58004.19002288276
2020-02-29 03:00:00,53455.16856377383
2020-02-29 06:00:00,24137.931298727577
2020-02-29 09:00:00,1201.3577848075602
2020-02-29 12:00:00,0.0
2020-02-29 15:00:00,0.0
2020-02-29 18:00:00,0.0
2020-02-29 21:00:00,18978.684233709155
2020-03-01 00:00:00,219562.47520379766
2020-03-01 03:00:00,320831.4830901695
2020-03-01 06:00:00,162899.8109799022
2020-03-01 09:00:00,5184.373381144062
2020-03-01 12:00:00,0.0
2020-03-01 15:00:00,0.0
2020-03-01 18:00:00,0.0
2020-03-01 21:00:00,24558.082860559043
2020-03-02 00:00:00,247663.61952365114
2020-03-02 03:00:00,338267.7265201205
2020-03-02 06:00:00,249884.48055855377
2020-03-02 09:00:00,15291.536136022154
2020-03-02 12:00:00,0.0
2020-03-02 15:00:00,0.0
2020-03-02 18:00:00,0.0
2020-03-02 21:00:00,25155.20880181691
2020-03-03 00:00:00,250072.79194257592
2020-03-03 03:00:00,402497.49323666166
2020-03-03 06:00:00,252480.72402023413
2020-03-03 09:00:00,16116.44690099586
2020-03-03 12:00:00,0.0
2020-03-03 15:00:00,0.0
2020-03-03 18:00:00,0.0
2020-03-03 21:00:00,3969.9536012804797
2020-03-04 00:00:00,39046.90457203111
2020-03-04 03:00:00,84554.05612410686
2020-03-04 06:00:00,90704.16928973248
2020-03-04 09:00:00,7013.896517883868
2020-03-04 12:00:00,0.0
2020-03-04 15:00:00,0.0
2020-03-04 18:00:00,0.0
2020-03-04 21:00:00,29825.46263095887
2020-03-05 00:00:00,280107.1809516619
2020-03-05 03:00:00,382771.30994966126
2020-03-05 06:00:00,228511.23400800826
2020-03-05 09:00:00,14778.731046768906
2020-03-05 12:00:00,0.0
2020-03-05 15:00:00,0.0
2020-03-05 18:00:00,0.0
2020-03-05 21:00:00,35943.894873726866
2020-03-06 00:00:00,322127.31354068936
2020-03-06 03:00:00,464687.4894035426
2020-03-06 06:00:00,308087.41535844374
2020-03-06 09:00:00,18928.97912768276
2020-03-06 12:00:00,0.0
2020-03-06 15:00:00,0.0
2020-03-06 18:00:00,0.0
2020-03-06 21:00:00,22865.25587369869
2020-03-07 00:00:00,261289.75530220356
2020-03-07 03:00:00,360257.22274706257
2020-03-07 06:00:00,136330.3937429544
2020-03-07 09:00:00,5112.80550018369
2020-03-07 12:00:00,0.0
2020-03-07 15:00:00,0.0
2020-03-07 18:00:00,0.0
2020-03-07 21:00:00,11600.515579334764
2020-03-08 00:00:00,113925.0410903194
2020-03-08 03:00:00,206778.18994234002
2020-03-08 06:00:00,163037.03858036976
2020-03-08 09:00:00,13441.460793103934
2020-03-08 12:00:00,0.0
2020-03-08 15:00:00,0.0
2020-03-08 18:00:00,0.0
2020-03-08 21:00:00,35964.36167951947
2020-03-09 00:00:00,319671.74347353826
2020-03-09 03:00:00,421569.3568963144
2020-03-09 06:00:00,196127.97125386313
2020-03-09 09:00:00,6055.335955490765
2020-03-09 12:00:00,0.0
2020-03-09 15:00:00,0.0
2020-03-09 18:00:00,0.0
2020-03-09 21:00:00,3100.7877346817495
2020-03-10 00:00:00,61895.139247401894
2020-03-10 03:00:00,126017.74607122465
2020-03-10 06:00:00,108407.89965707343
2020-03-10 09:00:00,7948.01638741078
2020-03-10 12:00:00,0.0
2020-03-10 15:00:00,0.0
2020-03-10 18:00:00,0.0
2020-03-10 21:00:00,26622.733395139872
2020-03-11 00:00:00,240827.74873396032
2020-03-11 03:00:00,393928.09463567333
2020-03-11 06:00:00,256071.63499524898
2020-03-11 09:00:00,16683.54168325677
2020-03-11 12:00:00,0.0
2020-03-11 15:00:00,0.0
2020-03-11 18:00:00,0.0
2020-03-11 21:00:00,47214.03158139963
2020-03-12 00:00:00,362175.1111921783
2020-03-12 03:00:00,487118.38281127607
2020-03-12 06:00:00,305753.3215655038
2020-03-12 09:00:00,18818.507497211784
2020-03-12 12:00:00,0.0
2020-03-12 15:00:00,0.0
2020-03-12 18:00:00,0.0
2020-03-12 21:00:00,37703.20444875674
2020-03-13 00:00:00,233074.91397683177
2020-03-13 03:00:00,290637.26137991116
2020-03-13 06:00:00,232699.96416838586
2020-03-13 09:00:00,16998.4042705729
2020-03-13 12:00:00,0.0
2020-03-13 15:00:00,0.0
2020-03-13 18:00:00,0.0
2020-03-13 21:00:00,10391.292718890429
2020-03-14 00:00:00,128160.35560662544
2020-03-14 03:00:00,254839.55951937707
2020-03-14 06:00:00,203593.73939771453
2020-03-14 09:00:00,15409.819236244959
2020-03-14 12:00:00,0.0
2020-03-14 15:00:00,0.0
2020-03-14 18:00:00,0.0
2020-03-14 21:00:00,47806.323737426996
2020-03-15 00:00:00,326688.0018673338
2020-03-15 03:00:00,414820.7550967107
2020-03-15 06:00:00,250043.89589581962
2020-03-15 09:00:00,14257.721763751922
2020-03-15 12:00:00,0.0
2020-03-15 15:00:00,0.0
2020-03-15 18:00:00,0.0
2020-03-15 21:00:00,42730.82385571673
2020-03-16 00:00:00,301309.3798209085
2020-03-16 03:00:00,420884.73142889934
2020-03-16 06:00:00,270565.20469629084
2020-03-16 09:00:00,17912.758476463532
2020-03-16 12:00:00,0.0
2020-03-16 15:00:00,0.0
2020-03-16 18:00:00,0.0
2020-03-16 21:00:00,46418.607378877095
2020-03-17 00:00:00,324212.7218193141
2020-03-17 03:00:00,428013.1533962666
2020-03-17 06:00:00,289729.84844392445
2020-03-17 09:00:00,19815.34979674763
2020-03-17 12:00:00,0.0
2020-03-17 15:00:00,0.0
2020-03-17 18:00:00,0.0
2020-03-17 21:00:00,39714.44496071904
2020-03-18 00:00:00,296456.7575562042
2020-03-18 03:00:00,422564.1438657602
2020-03-18 06:00:00,280622.2023669793
2020-03-18 09:00:00,18527.600314229414
2020-03-18 12:00:00,0.0
2020-03-18 15:00:00,0.0
2020-03-18 18:00:00,0.0
2020-03-18 21:00:00,53230.88804451483
2020-03-19 00:00:00,351373.2168156412
2020-03-19 03:00:00,412072.03576951043
2020-03-19 06:00:00,231252.79742547107
2020-03-19 09:00:00,14474.722525831958
2020-03-19 12:00:00,0.0
2020-03-19 15:00:00,0.0
2020-03-19 18:00:00,0.0
2020-03-19 21:00:00,52586.2904273332
2020-03-20 00:00:00,339123.7460994759
2020-03-20 03:00:00,451662.184151413
2020-03-20 06:00:00,307148.63408746093
2020-03-20 09:00:00,21572.37191394962
2020-03-20 12:00:00,0.0
2020-03-20 15:00:00,0.0
2020-03-20 18:00:00,0.0
2020-03-20 21:00:00,57836.71399097659
2020-03-21 00:00:00,374214.5643262735
2020-03-21 03:00:00,481945.39615144255
2020-03-21 06:00:00,307355.42117327935
2020-03-21 09:00:00,20865.589830542915
2020-03-21 12:00:00,0.0
2020-03-21 15:00:00,0.0
2020-03-21 18:00:00,0.0
2020-03-21 21:00:00,36223.2769560948
2020-03-22 00:00:00,231894.1485907566
2020-03-22 03:00:00,255445.602199073
2020-03-22 06:00:00,150179.62849251222
2020-03-22 09:00:00,10914.829253220692
2020-03-22 12:00:00,0.0
2020-03-22 15:00:00,0.0
2020-03-22 18:00:00,0.0
2020-03-22 21:00:00,48607.1749226224
2020-03-23 00:00:00,356791.4798994241
2020-03-23 03:00:00,486219.8616944902
2020-03-23 06:00:00,311070.47797169193
2020-03-23 09:00:00,21434.18516664975
2020-03-23 12:00:00,0.0
2020-03-23 15:00:00,0.0
2020-03-23 18:00:00,0.0
2020-03-23 21:00:00,59629.00305965669
2020-03-24 00:00:00,371432.61405263573
2020-03-24 03:00:00,463026.78145700716
2020-03-24 06:00:00,294811.05205853056
2020-03-24 09:00:00,21409.405491822752
2020-03-24 12:00:00,0.0
2020-03-24 15:00:00,0.0
2020-03-24 18:00:00,0.0
2020-03-24 21:00:00,61048.297340189994
2020-03-25 00:00:00,368827.73359542113
2020-03-25 03:00:00,481519.4122357236
2020-03-25 06:00:00,311474.6685139899
2020-03-25 09:00:00,22098.250626062316
2020-03-25 12:00:00,0.0
2020-03-25 15:00:00,0.0
2020-03-25 18:00:00,0.0
2020-03-25 21:00:00,49568.097162054604
2020-03-26 00:00:00,307495.9098701259
2020-03-26 03:00:00,396872.2169246598
2020-03-26 06:00:00,187090.21879360278
2020-03-26 09:00:00,10357.078830786468
2020-03-26 12:00:00,0.0
2020-03-26 15:00:00,0.0
2020-03-26 18:00:00,0.0
2020-03-26 21:00:00,15489.028951812874
2020-03-27 00:00:00,99163.76302615994
2020-03-27 03:00:00,108029.66701984014
2020-03-27 06:00:00,50990.081144229596
2020-03-27 09:00:00,3347.0676723571023
2020-03-27 12:00:00,0.0
2020-03-27 15:00:00,0.0
2020-03-27 18:00:00,0.0
2020-03-27 21:00:00,14079.930552553236
2020-03-28 00:00:00,105918.65953866988
2020-03-28 03:00:00,112488.03053718476
2020-03-28 06:00:00,44899.191771624166
2020-03-28 09:00:00,1821.890292002577
2020-03-28 12:00:00,0.0
2020-03-28 15:00:00,0.0
2020-03-28 18:00:00,0.0
2020-03-28 21:00:00,28800.150249285696
2020-03-29 00:00:00,253685.25354323478
2020-03-29 03:00:00,416043.09198105254
2020-03-29 06:00:00,266087.4612439616
2020-03-29 09:00:00,19095.47680443904
2020-03-29 12:00:00,0.0
2020-03-29 15:00:00,0.0
2020-03-29 18:00:00,0.0
2020-03-29 21:00:00,21585.10508206764
2020-03-30 00:00:00,144341.2649092468
2020-03-30 03:00:00,216944.73086341107
2020-03-30 06:00:00,122574.06339909755
2020-03-30 09:00:00,8376.50649978375
2020-03-30 12:00:00,0.0
2020-03-30 15:00:00,0.0
2020-03-30 18:00:00,0.0
2020-03-30 21:00:00,15589.130940224779
2020-03-31 00:00:00,125193.73873680693
2020-03-31 03:00:00,217403.96219246188
2020-03-31 06:00:00,69114.08286899218
2020-03-31 09:00:00,3512.198229263885
2020-03-31 12:00:00,0.0
2020-03-31 15:00:00,0.0
2020-03-31 18:00:00,0.0
2020-03-31 21:00:00,9457.22351449426
2020-04-01 00:00:00,46748.460178005604
2020-04-01 03:00:00,65436.55938618975
2020-04-01 06:00:00,38410.9437856646
2020-04-01 09:00:00,5115.9695881162925
2020-04-01 12:00:00,0.0
2020-04-01 15:00:00,0.0
2020-04-01 18:00:00,0.0
2020-04-01 21:00:00,46887.977051483045
2020-04-02 00:00:00,306706.30245560297
2020-04-02 03:00:00,436666.9126606204
2020-04-02 06:00:00,298574.7907088004
2020-04-02 09:00:00,23018.52711886133
2020-04-02 12:00:00,0.0
2020-04-02 15:00:00,0.0
2020-04-02 18:00:00,0.0
2020-04-02 21:00:00,57276.2336044125
2020-04-03 00:00:00,323803.15274556907
2020-04-03 03:00:00,432983.9324964416
2020-04-03 06:00:00,250553.8186858626
2020-04-03 09:00:00,18725.600904892734
2020-04-03 12:00:00,0.0
2020-04-03 15:00:00,0.0
2020-04-03 18:00:00,0.0
2020-04-03 21:00:00,62360.27015852619
2020-04-04 00:00:00,353440.0423055421
2020-04-04 03:00:00,434028.910438849
2020-04-04 06:00:00,282820.87044243957
2020-04-04 09:00:00,21020.35029210386
2020-04-04 12:00:00,0.0
2020-04-04 15:00:00,0.0
2020-04-04 18:00:00,0.0
2020-04-04 21:00:00,55508.689225742935
2020-04-05 00:00:00,348166.0098219464
2020-04-05 03:00:00,442467.03506540775
2020-04-05 06:00:00,287941.0693297874
2020-04-05 09:00:00,23234.079398276368
2020-04-05 12:00:00,0.0
2020-04-05 15:00:00,0.0
2020-04-05 18:00:00,0.0
2020-04-05 21:00:00,71872.49715790774
2020-04-06 00:00:00,387410.2076548346
2020-04-06 03:00:00,494899.5092856643
2020-04-06 06:00:00,317396.53938118037
2020-04-06 09:00:00,24356.56673108276
2020-04-06 12:00:00,0.0
2020-04-06 15:00:00,0.0
2020-04-06 18:00:00,0.0
2020-04-06 21:00:00,59744.02773110337
2020-04-07 00:00:00,336859.2428956781
2020-04-07 03:00:00,439557.1521180722
2020-04-07 06:00:00,308328.8479623866
2020-04-07 09:00:00,23693.053845120554
2020-04-07 12:00:00,0.0
2020-04-07 15:00:00,0.0
2020-04-07 18:00:00,0.0
2020-04-07 21:00:00,71354.09029668881
2020-04-08 00:00:00,372790.80325241486
2020-04-08 03:00:00,466168.9524500865
2020-04-08 06:00:00,299247.7759789752
2020-04-08 09:00:00,23437.031855644072
2020-04-08 12:00:00,0.0
2020-04-08 15:00:00,0.0
2020-04-08 18:00:00,0.0
2020-04-08 21:00:00,70060.82164972475
2020-04-09 00:00:00,371278.36776092177
2020-04-09 03:00:00,446009.208732548
2020-04-09 06:00:00,283182.03918550664
2020-04-09 09:00:00,21757.91176858085
2020-04-09 12:00:00,0.0
2020-04-09 15:00:00,0.0
2020-04-09 18:00:00,0.0
2020-04-09 21:00:00,61877.13979365112
2020-04-10 00:00:00,321673.2889956766
2020-04-10 03:00:00,453406.6709674689
2020-04-10 06:00:00,291733.2693955349
2020-04-10 09:00:00,23624.09865426493
2020-04-10 12:00:00,0.0
2020-04-10 15:00:00,0.0
2020-04-10 18:00:00,0.0
2020-04-10 21:00:00,67434.0128690806
2020-04-11 00:00:00,328934.05416563974
2020-04-11 03:00:00,380519.8493995345
2020-04-11 06:00:00,209745.08508665924
2020-04-11 09:00:00,16011.63454989882
2020-04-11 12:00:00,0.0
2020-04-11 15:00:00,0.0
2020-04-11 18:00:00,0.0
2020-04-11 21:00:00,17497.07002631453
2020-04-12 00:00:00,59633.41211794982
2020-04-12 03:00:00,58472.640611275754
2020-04-12 06:00:00,27536.506715737058
2020-04-12 09:00:00,2486.431882393793
2020-04-12 12:00:00,0.0
2020-04-12 15:00:00,0.0
2020-04-12 18:00:00,0.0
2020-04-12 21:00:00,18391.669933408033
2020-04-13 00:00:00,108706.15797067268
2020-04-13 03:00:00,162664.99511564756
2020-04-13 06:00:00,83407.40786799099
2020-04-13 09:00:00,7027.033001968843
2020-04-13 12:00:00,0.0
2020-04-13 15:00:00,0.0
2020-04-13 18:00:00,0.0
2020-04-13 21:00:00,71667.81655779135
2020-04-14 00:00:00,361952.54442396516
2020-04-14 03:00:00,485164.4964109551
2020-04-14 06:00:00,312601.1785293691
2020-04-14 09:00:00,25575.062602113718
2020-04-14 12:00:00,0.0
2020-04-14 15:00:00,0.0
2020-04-14 18:00:00,0.0
2020-04-14 21:00:00,66780.71935127905
2020-04-15 00:00:00,317447.1380601278
2020-04-15 03:00:00,377215.5382401914
2020-04-15 06:00:00,234972.5893980441
2020-04-15 09:00:00,18910.368489977853
2020-04-15 12:00:00,0.0
2020-04-15 15:00:00,0.0
2020-04-15 18:00:00,0.0
2020-04-15 21:00:00,74956.9646818051
2020-04-16 00:00:00,360413.63068893226
2020-04-16 03:00:00,451770.64312133705
2020-04-16 06:00:00,293014.3257328122
2020-04-16 09:00:00,24520.994596013785
2020-04-16 12:00:00,0.0
2020-04-16 15:00:00,0.0
2020-04-16 18:00:00,0.0
2020-04-16 21:00:00,61007.60263653148
2020-04-17 00:00:00,300447.7322977041
2020-04-17 03:00:00,282140.8197015014
2020-04-17 06:00:00,122693.43761252803
2020-04-17 09:00:00,6831.115251053433
2020-04-17 12:00:00,0.0
2020-04-17 15:00:00,0.0
2020-04-17 18:00:00,0.0
2020-04-17 21:00:00,37426.21524441597
2020-04-18 00:00:00,259906.56641383097
2020-04-18 03:00:00,394059.8523001787
2020-04-18 06:00:00,256891.5167904044
2020-04-18 09:00:00,19869.29326947668
2020-04-18 12:00:00,0.0
2020-04-18 15:00:00,0.0
2020-04-18 18:00:00,0.0
2020-04-18 21:00:00,59387.826259847614
2020-04-19 00:00:00,293703.32839938067
2020-04-19 03:00:00,371685.17466234777
2020-04-19 06:00:00,185591.97354965706
2020-04-19 09:00:00,11339.670082525672
2020-04-19 12:00:00,0.0
2020-04-19 15:00:00,0.0
2020-04-19 18:00:00,0.0
2020-04-19 21:00:00,25871.597604380262
2020-04-20 00:00:00,172870.74060668735
2020-04-20 03:00:00,278783.5531166385
2020-04-20 06:00:00,224164.61001152394
2020-04-20 09:00:00,22949.66916101979
2020-04-20 12:00:00,0.0
2020-04-20 15:00:00,0.0
2020-04-20 18:00:00,0.0
2020-04-20 21:00:00,48444.85618165834
2020-04-21 00:00:00,202227.0175072868
2020-04-21 03:00:00,377819.0829329287
2020-04-21 06:00:00,278935.1793062692
2020-04-21 09:00:00,25675.225880239705
2020-04-21 12:00:00,0.0
2020-04-21 15:00:00,0.0
2020-04-21 18:00:00,0.0
2020-04-21 21:00:00,64559.94422115581
2020-04-22 00:00:00,299059.9820291273
2020-04-22 03:00:00,362104.3432051586
2020-04-22 06:00:00,219663.3591229499
2020-04-22 09:00:00,19672.907154605004
2020-04-22 12:00:00,0.0
2020-04-22 15:00:00,0.0
2020-04-22 18:00:00,0.0
2020-04-22 21:00:00,71675.45336274132
2020-04-23 00:00:00,297039.05070574593
2020-04-23 03:00:00,360475.8826462329
2020-04-23 06:00:00,231926.21668095724
2020-04-23 09:00:00,23704.56416809543
2020-04-23 12:00:00,0.0
2020-04-23 15:00:00,0.0
2020-04-23 18:00:00,0.0
2020-04-23 21:00:00,80102.0611875255
2020-04-24 00:00:00,334042.4305717764
2020-04-24 03:00:00,421351.1361683081
2020-04-24 06:00:00,282961.4374165701
2020-04-24 09:00:00,27565.212103173813
2020-04-24 12:00:00,0.0
2020-04-24 15:00:00,0.0
2020-04-24 18:00:00,0.0
2020-04-24 21:00:00,89943.15593689353
2020-04-25 00:00:00,396976.66505670827
2020-04-25 03:00:00,484490.2524803742
2020-04-25 06:00:00,308451.9438184606
2020-04-25 09:00:00,27357.086831242847
2020-04-25 12:00:00,0.0
2020-04-25 15:00:00,0.0
2020-04-25 18:00:00,0.0
2020-04-25 21:00:00,68937.69505185419
2020-04-26 00:00:00,290620.1544698802
2020-04-26 03:00:00,327496.59541236586
2020-04-26 06:00:00,182911.6830938391
2020-04-26 09:00:00,18330.74313231357
2020-04-26 12:00:00,0.0
2020-04-26 15:00:00,0.0
2020-04-26 18:00:00,0.0
2020-04-26 21:00:00,80643.96396895715
2020-04-27 00:00:00,366483.3774794851
2020-04-27 03:00:00,442682.27751244267
2020-04-27 06:00:00,274243.67391168285
2020-04-27 09:00:00,25118.00584546862
2020-04-27 12:00:00,0.0
2020-04-27 15:00:00,0.0
2020-04-27 18:00:00,0.0
2020-04-27 21:00:00,79478.90068470055
2020-04-28 00:00:00,355083.1402561886
2020-04-28 03:00:00,432751.18760999374
2020-04-28 06:00:00,282855.2364733504
2020-04-28 09:00:00,27297.215128043114
2020-04-28 12:00:00,0.0
2020-04-28 15:00:00,0.0
2020-04-28 18:00:00,0.0
2020-04-28 21:00:00,90452.92727005728
2020-04-29 00:00:00,388212.253461055
2020-04-29 03:00:00,472782.5376956997
2020-04-29 06:00:00,302249.81986908405
2020-04-29 09:00:00,27931.77505704072
2020-04-29 12:00:00,0.0
2020-04-29 15:00:00,0.0
2020-04-29 18:00:00,0.0
2020-04-29 21:00:00,89837.47126064605
2020-04-30 00:00:00,383815.91226730135
2020-04-30 03:00:00,467026.46070947195
2020-04-30 06:00:00,299271.72234612243
2020-04-30 09:00:00,28124.953310942226
2020-04-30 12:00:00,0.0
2020-04-30 15:00:00,0.0
2020-04-30 18:00:00,0.0
2020-04-30 21:00:00,86568.94536184653
2020-05-01 00:00:00,368711.0045269766
2020-05-01 03:00:00,439948.18422992295
2020-05-01 06:00:00,286182.84898281586
2020-05-01 09:00:00,27425.457238259547
2020-05-01 12:00:00,0.0
2020-05-01 15:00:00,0.0
2020-05-01 18:00:00,0.0
2020-05-01 21:00:00,88324.9971481945
2020-05-02 00:00:00,370041.3249039277
2020-05-02 03:00:00,444644.92030630156
2020-05-02 06:00:00,280145.00463466824
2020-05-02 09:00:00,25893.50068047593
2020-05-02 12:00:00,0.0
2020-05-02 15:00:00,0.0
2020-05-02 18:00:00,0.0
2020-05-02 21:00:00,45233.089718145304
2020-05-03 00:00:00,139231.14868583356
2020-05-03 03:00:00,181846.80920189302
2020-05-03 06:00:00,84366.66908256084
2020-05-03 09:00:00,8936.278548212005
2020-05-03 12:00:00,0.0
2020-05-03 15:00:00,0.0
2020-05-03 18:00:00,0.0
2020-05-03 21:00:00,40126.53415818827
2020-05-04 00:00:00,212605.169628907
2020-05-04 03:00:00,315404.1953573141
2020-05-04 06:00:00,214254.8915021735
2020-05-04 09:00:00,22141.91081161188
2020-05-04 12:00:00,0.0
2020-05-04 15:00:00,0.0
2020-05-04 18:00:00,0.0
2020-05-04 21:00:00,61728.91749018668
2020-05-05 00:00:00,325370.52843964694
2020-05-05 03:00:00,425260.7662574569
2020-05-05 06:00:00,269149.8935845311
2020-05-05 09:00:00,24876.5154630939
2020-05-05 12:00:00,0.0
2020-05-05 15:00:00,0.0
2020-05-05 18:00:00,0.0
2020-05-05 21:00:00,55821.98213117063
2020-05-06 00:00:00,249453.99475846917
2020-05-06 03:00:00,327280.696270158
2020-05-06 06:00:00,214708.28475925676
2020-05-06 09:00:00,23581.658506710373
2020-05-06 12:00:00,0.0
2020-05-06 15:00:00,0.0
2020-05-06 18:00:00,0.0
2020-05-06 21:00:00,92084.71027448775
2020-05-07 00:00:00,375913.0105096864
2020-05-07 03:00:00,470452.12466671946
2020-05-07 06:00:00,305973.15588659066
2020-05-07 09:00:00,30694.785211315273
2020-05-07 12:00:00,0.0
2020-05-07 15:00:00,0.0
2020-05-07 18:00:00,0.0
2020-05-07 21:00:00,90589.81090111393
2020-05-08 00:00:00,347008.84281195066
2020-05-08 03:00:00,394556.9812857886
2020-05-08 06:00:00,244209.34225211834
2020-05-08 09:00:00,25599.45091567635
2020-05-08 12:00:00,0.0
2020-05-08 15:00:00,0.0
2020-05-08 18:00:00,0.0
2020-05-08 21:00:00,54552.29083538739
2020-05-09 00:00:00,188030.27077681542
2020-05-09 03:00:00,186789.94356969403
2020-05-09 06:00:00,91292.37829565401
2020-05-09 09:00:00,10161.54897047474
2020-05-09 12:00:00,0.0
2020-05-09 15:00:00,0.0
2020-05-09 18:00:00,0.0
2020-05-09 21:00:00,30802.072266986055
2020-05-10 00:00:00,163159.61972393043
2020-05-10 03:00:00,222212.80492939992
2020-05-10 06:00:00,121836.2922117299
2020-05-10 09:00:00,9037.268715813125
2020-05-10 12:00:00,0.0
2020-05-10 15:00:00,0.0
2020-05-10 18:00:00,0.0
2020-05-10 21:00:00,84400.37246825232
2020-05-11 00:00:00,372284.61404562136
2020-05-11 03:00:00,464953.1250772235
2020-05-11 06:00:00,301117.02994740714
2020-05-11 09:00:00,30608.422395470272
2020-05-11 12:00:00,0.0
2020-05-11 15:00:00,0.0
2020-05-11 18:00:00,0.0
2020-05-11 21:00:00,89320.22189467904
2020-05-12 00:00:00,333643.62606459996
2020-05-12 03:00:00,379896.1711916772
2020-05-12 06:00:00,237686.47569471726
2020-05-12 09:00:00,27016.770973863568
2020-05-12 12:00:00,0.0
2020-05-12 15:00:00,0.0
2020-05-12 18:00:00,0.0
2020-05-12 21:00:00,92540.47110276931
2020-05-13 00:00:00,369389.4880526387
2020-05-13 03:00:00,461501.8373935062
2020-05-13 06:00:00,301933.83021703345
2020-05-13 09:00:00,31867.309739747434
2020-05-13 12:00:00,0.0
2020-05-13 15:00:00,0.0
2020-05-13 18:00:00,0.0
2020-05-13 21:00:00,98824.0892364658
2020-05-14 00:00:00,384948.5992747699
2020-05-14 03:00:00,436477.3198611808
2020-05-14 06:00:00,274219.00202242896
2020-05-14 09:00:00,30765.258049393262
2020-05-14 12:00:00,0.0
2020-05-14 15:00:00,0.0
2020-05-14 18:00:00,0.0
2020-05-14 21:00:00,65801.44639278224
2020-05-15 00:00:00,207647.00112693568
2020-05-15 03:00:00,180567.97830986712
2020-05-15 06:00:00,76640.61917374263
2020-05-15 09:00:00,6893.492745683925
2020-05-15 12:00:00,0.0
2020-05-15 15:00:00,0.0
2020-05-15 18:00:00,0.0
2020-05-15 21:00:00,18371.203756177034
2020-05-16 00:00:00,75181.45886926989
2020-05-16 03:00:00,77482.89349389625
2020-05-16 06:00:00,68041.4049849505
2020-05-16 09:00:00,11315.42494618763
2020-05-16 12:00:00,0.0
2020-05-16 15:00:00,0.0
2020-05-16 18:00:00,0.0
2020-05-16 21:00:00,50475.1667516081
2020-05-17 00:00:00,264452.74307421176
2020-05-17 03:00:00,372592.46639195725
2020-05-17 06:00:00,248557.14864840012
2020-05-17 09:00:00,28550.768760500698
2020-05-17 12:00:00,0.0
2020-05-17 15:00:00,0.0
2020-05-17 18:00:00,0.0
2020-05-17 21:00:00,69924.96581855326
2020-05-18 00:00:00,253873.40617576079
2020-05-18 03:00:00,194560.99297030817
2020-05-18 06:00:00,49291.207942037174
2020-05-18 09:00:00,3442.4814429639036
2020-05-18 12:00:00,0.0
2020-05-18 15:00:00,0.0
2020-05-18 18:00:00,0.0
2020-05-18 21:00:00,63206.24226551443
2020-05-19 00:00:00,287132.3813304174
2020-05-19 03:00:00,392764.20977420185
2020-05-19 06:00:00,254139.08479729068
2020-05-19 09:00:00,25537.706862213246
2020-05-19 12:00:00,0.0
2020-05-19 15:00:00,0.0
2020-05-19 18:00:00,0.0
2020-05-19 21:00:00,78842.82825692945
2020-05-20 00:00:00,289977.4378160412
2020-05-20 03:00:00,352449.94458782463
2020-05-20 06:00:00,225314.8891975705
2020-05-20 09:00:00,25552.576886357627
2020-05-20 12:00:00,0.0
2020-05-20 15:00:00,0.0
2020-05-20 18:00:00,0.0
2020-05-20 21:00:00,76391.75324476657
2020-05-21 00:00:00,283079.34176112665
2020-05-21 03:00:00,322173.3667916682
2020-05-21 06:00:00,195473.57222745332
2020-05-21 09:00:00,26497.920072928246
2020-05-21 12:00:00,0.0
2020-05-21 15:00:00,0.0
2020-05-21 18:00:00,0.0
2020-05-21 21:00:00,78572.73410367341
2020-05-22 00:00:00,305673.98852103506
2020-05-22 03:00:00,355751.9491731966
2020-05-22 06:00:00,221135.6368966038
2020-05-22 09:00:00,28103.457273041484
2020-05-22 12:00:00,0.0
2020-05-22 15:00:00,0.0
2020-05-22 18:00:00,0.0
2020-05-22 21:00:00,80800.81856441248
2020-05-23 00:00:00,317636.8610091177
2020-05-23 03:00:00,362982.43889541744
2020-05-23 06:00:00,242770.5245254236
2020-05-23 09:00:00,30271.772644982328
2020-05-23 12:00:00,0.0
2020-05-23 15:00:00,0.0
2020-05-23 18:00:00,0.0
2020-05-23 21:00:00,78210.0671535737
2020-05-24 00:00:00,300984.98890973243
2020-05-24 03:00:00,357588.7464053972
2020-05-24 06:00:00,231701.6918986758
2020-05-24 09:00:00,28105.5144811625
2020-05-24 12:00:00,0.0
2020-05-24 15:00:00,0.0
2020-05-24 18:00:00,0.0
2020-05-24 21:00:00,71903.20703764126
2020-05-25 00:00:00,248568.3220126218
2020-05-25 03:00:00,295262.744791404
2020-05-25 06:00:00,181081.7998621483
2020-05-25 09:00:00,22494.560123888925
2020-05-25 12:00:00,0.0
2020-05-25 15:00:00,0.0
2020-05-25 18:00:00,0.0
2020-05-25 21:00:00,67597.65775278711
2020-05-26 00:00:00,203389.72189211595
2020-05-26 03:00:00,151545.23636518442
2020-05-26 06:00:00,69669.84119226731
2020-05-26 09:00:00,13239.02001757602
2020-05-26 12:00:00,0.0
2020-05-26 15:00:00,0.0
2020-05-26 18:00:00,0.0
2020-05-26 21:00:00,76538.48413251931
2020-05-27 00:00:00,300882.9990686285
2020-05-27 03:00:00,395258.2458857609
2020-05-27 06:00:00,269611.5752753871
2020-05-27 09:00:00,32310.91758760713
2020-05-27 12:00:00,0.0
2020-05-27 15:00:00,0.0
2020-05-27 18:00:00,0.0
2020-05-27 21:00:00,97405.94936287783
2020-05-28 00:00:00,379337.50318092055
2020-05-28 03:00:00,452699.8819654437
2020-05-28 06:00:00,288639.24403960095
2020-05-28 09:00:00,33831.460959210846
2020-05-28 12:00:00,0.0
2020-05-28 15:00:00,0.0
2020-05-28 18:00:00,0.0
2020-05-28 21:00:00,96462.43718977719
2020-05-29 00:00:00,370370.139316536
2020-05-29 03:00:00,414809.16216410574
2020-05-29 06:00:00,251461.09528479807
2020-05-29 09:00:00,32381.911069343878
2020-05-29 12:00:00,0.0
2020-05-29 15:00:00,0.0
2020-05-29 18:00:00,0.0
2020-05-29 21:00:00,80736.1323180578
2020-05-30 00:00:00,314129.82662089233
2020-05-30 03:00:00,360792.22816824133
2020-05-30 06:00:00,190742.4713335592
2020-05-30 09:00:00,25050.319658445973
2020-05-30 12:00:00,0.0
2020-05-30 15:00:00,0.0
2020-05-30 18:00:00,0.0
2020-05-30 21:00:00,14239.166651368138
2020-05-31 00:00:00,92798.21786662511
2020-05-31 03:00:00,169285.5242632121
2020-05-31 06:00:00,126591.8898469517
2020-05-31 09:00:00,17104.176172073778
2020-05-31 12:00:00,0.0
2020-05-31 15:00:00,0.0
2020-05-31 18:00:00,0.0
2020-05-31 21:00:00,45387.957549310944
2020-06-01 00:00:00,165821.32317103632
2020-06-01 03:00:00,197578.45542041888
2020-06-01 06:00:00,144214.821599037
2020-06-01 09:00:00,21295.569648404733
2020-06-01 12:00:00,0.0
2020-06-01 15:00:00,0.0
2020-06-01 18:00:00,0.0
2020-06-01 21:00:00,80243.33181145418
2020-06-02 00:00:00,340410.6425181999
2020-06-02 03:00:00,419097.9068341923
2020-06-02 06:00:00,276910.24849718914
2020-06-02 09:00:00,34604.49430414021
2020-06-02 12:00:00,0.0
2020-06-02 15:00:00,0.0
2020-06-02 18:00:00,0.0
2020-06-02 21:00:00,88364.75710590354
2020-06-03 00:00:00,281117.4764470608
2020-06-03 03:00:00,223926.8921382402
2020-06-03 06:00:00,124221.82112251795
2020-06-03 09:00:00,23475.7727247912
2020-06-03 12:00:00,0.0
2020-06-03 15:00:00,0.0
2020-06-03 18:00:00,0.0
2020-06-03 21:00:00,69338.01511460489
2020-06-04 00:00:00,268321.239631078
2020-06-04 03:00:00,354926.9864492129
2020-06-04 06:00:00,242609.99161938898
2020-06-04 09:00:00,34037.173858254726
2020-06-04 12:00:00,0.0
2020-06-04 15:00:00,0.0
2020-06-04 18:00:00,0.0
2020-06-04 21:00:00,92543.01122819743
2020-06-05 00:00:00,344841.32767974463
2020-06-05 03:00:00,405369.61057226197
2020-06-05 06:00:00,230272.28221865796
2020-06-05 09:00:00,29090.151465881856
2020-06-05 12:00:00,0.0
2020-06-05 15:00:00,0.0
2020-06-05 18:00:00,0.0
2020-06-05 21:00:00,51792.56644403795
2020-06-06 00:00:00,160435.60269840623
2020-06-06 03:00:00,144519.65100735892
2020-06-06 06:00:00,123778.83421033001
2020-06-06 09:00:00,22395.026473567144
2020-06-06 12:00:00,0.0
2020-06-06 15:00:00,0.0
2020-06-06 18:00:00,0.0
2020-06-06 21:00:00,87987.86709015633
2020-06-07 00:00:00,358526.45942203543
2020-06-07 03:00:00,450411.5532517383
2020-06-07 06:00:00,299612.9009347576
2020-06-07 09:00:00,36535.66036866234
2020-06-07 12:00:00,0.0
2020-06-07 15:00:00,0.0
2020-06-07 18:00:00,0.0
2020-06-07 21:00:00,94087.68483139129
2020-06-08 00:00:00,365829.59796648734
2020-06-08 03:00:00,441388.4351756312
2020-06-08 06:00:00,286835.0648087642
2020-06-08 09:00:00,36279.11685437539
2020-06-08 12:00:00,0.0
2020-06-08 15:00:00,0.0
2020-06-08 18:00:00,0.0
2020-06-08 21:00:00,91029.67268962835
2020-06-09 00:00:00,342012.9047546972
2020-06-09 03:00:00,402755.79678481387
2020-06-09 06:00:00,255465.58350782905
2020-06-09 09:00:00,33175.27376820406
2020-06-09 12:00:00,0.0
2020-06-09 15:00:00,0.0
2020-06-09 18:00:00,0.0
2020-06-09 21:00:00,54103.3072084218
2020-06-10 00:00:00,194404.07529764477
2020-06-10 03:00:00,231722.3753870558
2020-06-10 06:00:00,141097.28749368768
2020-06-10 09:00:00,19289.54518231764
2020-06-10 12:00:00,0.0
2020-06-10 15:00:00,0.0
2020-06-10 18:00:00,0.0
2020-06-10 21:00:00,22254.43225869925
2020-06-11 00:00:00,53605.50002249979
2020-06-11 03:00:00,55218.775875880594
2020-06-11 06:00:00,56767.76143050166
2020-06-11 09:00:00,12930.95539889484
2020-06-11 12:00:00,0.0
2020-06-11 15:00:00,0.0
2020-06-11 18:00:00,0.0
2020-06-11 21:00:00,37804.94477512776
2020-06-12 00:00:00,195880.88310159725
2020-06-12 03:00:00,284765.1727397536
2020-06-12 06:00:00,189652.82972617965
2020-06-12 09:00:00,25193.796071407985
2020-06-12 12:00:00,0.0
2020-06-12 15:00:00,0.0
2020-06-12 18:00:00,0.0
2020-06-12 21:00:00,24562.666760168366
2020-06-13 00:00:00,134338.54460626963
2020-06-13 03:00:00,136533.6335745646
2020-06-13 06:00:00,57041.289950039594
2020-06-13 09:00:00,7164.385066685782
2020-06-13 12:00:00,0.0
2020-06-13 15:00:00,0.0
2020-06-13 18:00:00,0.0
2020-06-13 21:00:00,21343.57655582908
2020-06-14 00:00:00,172483.4597306622
2020-06-14 03:00:00,238579.08296162653
2020-06-14 06:00:00,86361.34132634735
2020-06-14 09:00:00,8071.674896127679
2020-06-14 12:00:00,0.0
2020-06-14 15:00:00,0.0
2020-06-14 18:00:00,0.0
2020-06-14 21:00:00,70481.46296478462
2020-06-15 00:00:00,277230.5451336937
2020-06-15 03:00:00,357389.839724647
2020-06-15 06:00:00,240176.26773892564
2020-06-15 09:00:00,33814.860349587194
2020-06-15 12:00:00,0.0
2020-06-15 15:00:00,0.0
2020-06-15 18:00:00,0.0
2020-06-15 21:00:00,68999.4756814582
2020-06-16 00:00:00,314626.91804680176
2020-06-16 03:00:00,432683.5934843214
2020-06-16 06:00:00,277561.55061425985
2020-06-16 09:00:00,37054.968143300066
2020-06-16 12:00:00,0.0
2020-06-16 15:00:00,0.0
2020-06-16 18:00:00,0.0
2020-06-16 21:00:00,80900.57886814469
2020-06-17 00:00:00,310217.952888236
2020-06-17 03:00:00,368735.6827549399
2020-06-17 06:00:00,217962.80720487944
2020-06-17 09:00:00,27688.474536390808
2020-06-17 12:00:00,0.0
2020-06-17 15:00:00,0.0
2020-06-17 18:00:00,0.0
2020-06-17 21:00:00,15502.740865662934
2020-06-18 00:00:00,51763.30280998611
2020-06-18 03:00:00,45218.983159426265
2020-06-18 06:00:00,25638.636235224665
2020-06-18 09:00:00,4395.779838678544
2020-06-18 12:00:00,0.0
2020-06-18 15:00:00,0.0
2020-06-18 18:00:00,0.0
2020-06-18 21:00:00,10792.578903867703
2020-06-19 00:00:00,49121.083454659
2020-06-19 03:00:00,104426.385185225
2020-06-19 06:00:00,110529.77061435551
2020-06-19 09:00:00,26639.646131074267
2020-06-19 12:00:00,0.0
2020-06-19 15:00:00,0.0
2020-06-19 18:00:00,0.0
2020-06-19 21:00:00,69809.21338270069
2020-06-20 00:00:00,257034.10525316314
2020-06-20 03:00:00,377596.2630792657
2020-06-20 06:00:00,253959.32044807848
2020-06-20 09:00:00,37892.4125412775
2020-06-20 12:00:00,0.0
2020-06-20 15:00:00,0.0
2020-06-20 18:00:00,0.0
2020-06-20 21:00:00,83019.74558010542
2020-06-21 00:00:00,292234.7527965652
2020-06-21 03:00:00,336178.9073889469
2020-06-21 06:00:00,206505.25245363385
2020-06-21 09:00:00,30190.02802617273
2020-06-21 12:00:00,0.0
2020-06-21 15:00:00,0.0
2020-06-21 18:00:00,0.0
2020-06-21 21:00:00,78947.37923064764
2020-06-22 00:00:00,319228.1872389701
2020-06-22 03:00:00,378119.24185581453
2020-06-22 06:00:00,254605.02365100867
2020-06-22 09:00:00,35965.03831847431
2020-06-22 12:00:00,0.0
2020-06-22 15:00:00,0.0
2020-06-22 18:00:00,0.0
2020-06-22 21:00:00,88193.23789152503
2020-06-23 00:00:00,354801.8226545161
2020-06-23 03:00:00,436369.2810810795
2020-06-23 06:00:00,290064.0481699154
2020-06-23 09:00:00,37892.30938666069
2020-06-23 12:00:00,0.0
2020-06-23 15:00:00,0.0
2020-06-23 18:00:00,0.0
2020-06-23 21:00:00,85676.28963843432
2020-06-24 00:00:00,333490.39297962614
2020-06-24 03:00:00,399141.47978939116
2020-06-24 06:00:00,257553.05569219
2020-06-24 09:00:00,36116.99758072517
2020-06-24 12:00:00,0.0
2020-06-24 15:00:00,0.0
2020-06-24 18:00:00,0.0
2020-06-24 21:00:00,29433.28204577727
2020-06-25 00:00:00,88696.59402101327
2020-06-25 03:00:00,109153.37511705283
2020-06-25 06:00:00,92512.83708615472
2020-06-25 09:00:00,19144.299690235817
2020-06-25 12:00:00,0.0
2020-06-25 15:00:00,0.0
2020-06-25 18:00:00,0.0
2020-06-25 21:00:00,42967.34661256548
2020-06-26 00:00:00,188325.77833113133
2020-06-26 03:00:00,267769.4422007222
2020-06-26 06:00:00,244833.01397452492
2020-06-26 09:00:00,34573.53891410307
2020-06-26 12:00:00,0.0
2020-06-26 15:00:00,0.0
2020-06-26 18:00:00,0.0
2020-06-26 21:00:00,70341.76173699768
2020-06-27 00:00:00,223700.61252722237
2020-06-27 03:00:00,217075.23271376913
2020-06-27 06:00:00,146426.47848291273
2020-06-27 09:00:00,20695.511252781504
2020-06-27 12:00:00,0.0
2020-06-27 15:00:00,0.0
2020-06-27 18:00:00,0.0
2020-06-27 21:00:00,35513.16382457122
2020-06-28 00:00:00,203315.9978085669
2020-06-28 03:00:00,326608.99840117886
2020-06-28 06:00:00,243302.89662185626
2020-06-28 09:00:00,33912.63185461911
2020-06-28 12:00:00,0.0
2020-06-28 15:00:00,0.0
2020-06-28 18:00:00,0.0
2020-06-28 21:00:00,84308.72852781166
2020-06-29 00:00:00,329624.15375393245
2020-06-29 03:00:00,363566.40323599736
2020-06-29 06:00:00,202510.1961041296
2020-06-29 09:00:00,23729.665608103143
2020-06-29 12:00:00,0.0
2020-06-29 15:00:00,0.0
2020-06-29 18:00:00,0.0
2020-06-29 21:00:00,17724.978022613846
2020-06-30 00:00:00,96145.57770211899
2020-06-30 03:00:00,164526.40197664738
2020-06-30 06:00:00,99484.93488322449
2020-06-30 09:00:00,17494.60934352596
2020-06-30 12:00:00,0.0
2020-06-30 15:00:00,0.0
2020-06-30 18:00:00,0.0
2020-06-30 21:00:00,55730.15877232219
2020-07-01 00:00:00,235970.14638986086
2020-07-01 03:00:00,314990.49420719524
2020-07-01 06:00:00,204475.5020751065
2020-07-01 09:00:00,30102.999039263043
2020-07-01 12:00:00,0.0
2020-07-01 15:00:00,0.0
2020-07-01 18:00:00,0.0
2020-07-01 21:00:00,74392.50470376745
2020-07-02 00:00:00,284916.2922578447
2020-07-02 03:00:00,370559.7804132706
2020-07-02 06:00:00,232511.38434721984
2020-07-02 09:00:00,31726.117942251178
2020-07-02 12:00:00,0.0
2020-07-02 15:00:00,0.0
2020-07-02 18:00:00,0.0
2020-07-02 21:00:00,34964.42142528449
2020-07-03 00:00:00,85642.94049368039
2020-07-03 03:00:00,86553.61872040344
2020-07-03 06:00:00,35150.81920424657
2020-07-03 09:00:00,3553.417357896969
2020-07-03 12:00:00,0.0
2020-07-03 15:00:00,0.0
2020-07-03 18:00:00,0.0
2020-07-03 21:00:00,19527.078976683682
2020-07-04 00:00:00,106747.57519623556
2020-07-04 03:00:00,204338.84189977497
2020-07-04 06:00:00,143983.91596131996
2020-07-04 09:00:00,24025.488386794328
2020-07-04 12:00:00,0.0
2020-07-04 15:00:00,0.0
2020-07-04 18:00:00,0.0
2020-07-04 21:00:00,41560.53517485513
2020-07-05 00:00:00,209325.59282926994
2020-07-05 03:00:00,321126.20802654524
2020-07-05 06:00:00,170933.37831060548
2020-07-05 09:00:00,23947.057959978523
2020-07-05 12:00:00,0.0
2020-07-05 15:00:00,0.0
2020-07-05 18:00:00,0.0
2020-07-05 21:00:00,14619.391306985395
2020-07-06 00:00:00,43976.342394678126
2020-07-06 03:00:00,63809.05650670739
2020-07-06 06:00:00,31158.087619463753
2020-07-06 09:00:00,3711.265669438871
2020-07-06 12:00:00,0.0
2020-07-06 15:00:00,0.0
2020-07-06 18:00:00,0.0
2020-07-06 21:00:00,13998.613961615692
2020-07-07 00:00:00,71981.99598712391
2020-07-07 03:00:00,95211.58619015364
2020-07-07 06:00:00,57178.528490899946
2020-07-07 09:00:00,6700.939603829337
2020-07-07 12:00:00,0.0
2020-07-07 15:00:00,0.0
2020-07-07 18:00:00,0.0
2020-07-07 21:00:00,41492.34839655342
2020-07-08 00:00:00,243678.19374686334
2020-07-08 03:00:00,306097.29498736246
2020-07-08 06:00:00,173533.35985555756
2020-07-08 09:00:00,22910.927667234384
2020-07-08 12:00:00,0.0
2020-07-08 15:00:00,0.0
2020-07-08 18:00:00,0.0
2020-07-08 21:00:00,30188.03562412515
2020-07-09 00:00:00,151911.06399003006
2020-07-09 03:00:00,200305.25588651988
2020-07-09 06:00:00,126918.84245187494
2020-07-09 09:00:00,21652.163166946142
2020-07-09 12:00:00,0.0
2020-07-09 15:00:00,0.0
2020-07-09 18:00:00,0.0
2020-07-09 21:00:00,10576.61311502986
2020-07-10 00:00:00,90450.3195571558
2020-07-10 03:00:00,189295.21866810985
2020-07-10 06:00:00,87682.46330605987
2020-07-10 09:00:00,10823.460805936873
2020-07-10 12:00:00,0.0
2020-07-10 15:00:00,0.0
2020-07-10 18:00:00,0.0
2020-07-10 21:00:00,21219.12306052091
2020-07-11 00:00:00,166104.08162987782
2020-07-11 03:00:00,252302.09206587326
2020-07-11 06:00:00,164047.78086766365
2020-07-11 09:00:00,20242.098358925494
2020-07-11 12:00:00,0.0
2020-07-11 15:00:00,0.0
2020-07-11 18:00:00,0.0
2020-07-11 21:00:00,33259.929724776914
2020-07-12 00:00:00,188219.95713707485
2020-07-12 03:00:00,268408.4415011776
2020-07-12 06:00:00,126342.25171872663
2020-07-12 09:00:00,13959.527329826615
2020-07-12 12:00:00,0.0
2020-07-12 15:00:00,0.0
2020-07-12 18:00:00,0.0
2020-07-12 21:00:00,15162.22957731381
2020-07-13 00:00:00,62044.34648922634
2020-07-13 03:00:00,75040.51372868537
2020-07-13 06:00:00,40753.41906752452
2020-07-13 09:00:00,5230.962747886148
2020-07-13 12:00:00,0.0
2020-07-13 15:00:00,0.0
2020-07-13 18:00:00,0.0
2020-07-13 21:00:00,11634.77654687018
2020-07-14 00:00:00,87517.30341919803
2020-07-14 03:00:00,199182.61923897808
2020-07-14 06:00:00,159765.34985267426
2020-07-14 09:00:00,26770.196009360556
2020-07-14 12:00:00,0.0
2020-07-14 15:00:00,0.0
2020-07-14 18:00:00,0.0
2020-07-14 21:00:00,29756.567977516155
2020-07-15 00:00:00,145021.58444341703
2020-07-15 03:00:00,208432.99877474515
2020-07-15 06:00:00,140533.90378760028
2020-07-15 09:00:00,18801.516288799656
2020-07-15 12:00:00,0.0
2020-07-15 15:00:00,0.0
2020-07-15 18:00:00,0.0
2020-07-15 21:00:00,60335.83264496146
2020-07-16 00:00:00,254357.05813617923
2020-07-16 03:00:00,312571.86834208114
2020-07-16 06:00:00,205290.083596046
2020-07-16 09:00:00,28274.53466317674
2020-07-16 12:00:00,0.0
2020-07-16 15:00:00,0.0
2020-07-16 18:00:00,0.0
2020-07-16 21:00:00,52569.321511837064
2020-07-17 00:00:00,236926.17861900493
2020-07-17 03:00:00,298661.06329165556
2020-07-17 06:00:00,181829.3037009833
2020-07-17 09:00:00,25266.013259798758
2020-07-17 12:00:00,0.0
2020-07-17 15:00:00,0.0
2020-07-17 18:00:00,0.0
2020-07-17 21:00:00,48698.31927127608
2020-07-18 00:00:00,243490.0096607435
2020-07-18 03:00:00,330442.5797673605
2020-07-18 06:00:00,213794.8089834862
2020-07-18 09:00:00,27852.73513199367
2020-07-18 12:00:00,0.0
2020-07-18 15:00:00,0.0
2020-07-18 18:00:00,0.0
2020-07-18 21:00:00,67956.0585130422
2020-07-19 00:00:00,292628.14160357416
2020-07-19 03:00:00,369539.59413110436
2020-07-19 06:00:00,222416.51711578039
2020-07-19 09:00:00,27978.427117751296
2020-07-19 12:00:00,0.0
2020-07-19 15:00:00,0.0
2020-07-19 18:00:00,0.0
2020-07-19 21:00:00,54130.155222143534
2020-07-20 00:00:00,251132.4739234578
2020-07-20 03:00:00,335164.8105339186
2020-07-20 06:00:00,209010.88399507498
2020-07-20 09:00:00,29076.498479462247
2020-07-20 12:00:00,0.0
2020-07-20 15:00:00,0.0
2020-07-20 18:00:00,0.0
2020-07-20 21:00:00,61807.6064019232
2020-07-21 00:00:00,276377.7199321361
2020-07-21 03:00:00,328566.1441019131
2020-07-21 06:00:00,173512.0145702345
2020-07-21 09:00:00,23154.23810055431
2020-07-21 12:00:00,0.0
2020-07-21 15:00:00,0.0
2020-07-21 18:00:00,0.0
2020-07-21 21:00:00,49828.84864390285
2020-07-22 00:00:00,196554.24482329178
2020-07-22 03:00:00,263032.66287873354
2020-07-22 06:00:00,158763.4593645114
2020-07-22 09:00:00,14915.164928414792
2020-07-22 12:00:00,0.0
2020-07-22 15:00:00,0.0
2020-07-22 18:00:00,0.0
2020-07-22 21:00:00,23148.752242104405
2020-07-23 00:00:00,131330.68670777185
2020-07-23 03:00:00,195984.08963471095
2020-07-23 06:00:00,135644.3617681206
2020-07-23 09:00:00,16390.183390086422
2020-07-23 12:00:00,0.0
2020-07-23 15:00:00,0.0
2020-07-23 18:00:00,0.0
2020-07-23 21:00:00,19483.699929170507
2020-07-24 00:00:00,79168.3482375059
2020-07-24 03:00:00,182334.41320518625
2020-07-24 06:00:00,100136.03916629606
2020-07-24 09:00:00,12792.396629234945
2020-07-24 12:00:00,0.0
2020-07-24 15:00:00,0.0
2020-07-24 18:00:00,0.0
2020-07-24 21:00:00,32242.029875729113
2020-07-25 00:00:00,154328.6495358275
2020-07-25 03:00:00,213332.0740631705
2020-07-25 06:00:00,145232.5460016792
2020-07-25 09:00:00,21152.363645078458
2020-07-25 12:00:00,0.0
2020-07-25 15:00:00,0.0
2020-07-25 18:00:00,0.0
2020-07-25 21:00:00,43457.64872133217
2020-07-26 00:00:00,143376.63046937104
2020-07-26 03:00:00,162199.03861174925
2020-07-26 06:00:00,116407.43263271864
2020-07-26 09:00:00,19995.230101933044
2020-07-26 12:00:00,0.0
2020-07-26 15:00:00,0.0
2020-07-26 18:00:00,0.0
2020-07-26 21:00:00,37028.46071537592
2020-07-27 00:00:00,159377.32719927758
2020-07-27 03:00:00,171771.78323460816
2020-07-27 06:00:00,65142.85914352427
2020-07-27 09:00:00,10552.671739786856
2020-07-27 12:00:00,0.0
2020-07-27 15:00:00,0.0
2020-07-27 18:00:00,0.0
2020-07-27 21:00:00,31284.947402303747
2020-07-28 00:00:00,176823.73790595637
2020-07-28 03:00:00,221818.539397016
2020-07-28 06:00:00,109822.18158505776
2020-07-28 09:00:00,10069.623324881712
2020-07-28 12:00:00,0.0
2020-07-28 15:00:00,0.0
2020-07-28 18:00:00,0.0
2020-07-28 21:00:00,41299.66585667949
2020-07-29 00:00:00,222212.38916715063
2020-07-29 03:00:00,269228.1775608078
2020-07-29 06:00:00,161037.64821762184
2020-07-29 09:00:00,20236.19852978261
2020-07-29 12:00:00,0.0
2020-07-29 15:00:00,0.0
2020-07-29 18:00:00,0.0
2020-07-29 21:00:00,45317.80177039311
2020-07-30 00:00:00,235098.2896480071
2020-07-30 03:00:00,309750.1351956281
2020-07-30 06:00:00,215582.19412835746
2020-07-30 09:00:00,27888.431055943704
2020-07-30 12:00:00,0.0
2020-07-30 15:00:00,0.0
2020-07-30 18:00:00,0.0
2020-07-30 21:00:00,58167.480259978634
2020-07-31 00:00:00,288217.12586295983
2020-07-31 03:00:00,375632.10231989523
2020-07-31 06:00:00,240912.6303177209
2020-07-31 09:00:00,30007.19907583842
2020-07-31 12:00:00,0.0
2020-07-31 15:00:00,0.0
2020-07-31 18:00:00,0.0
2020-07-31 21:00:00,60235.63737917149
2020-08-01 00:00:00,285660.48139840586
2020-08-01 03:00:00,365846.2602526306
2020-08-01 06:00:00,231546.86947613384
2020-08-01 09:00:00,28685.51332841448
2020-08-01 12:00:00,0.0
2020-08-01 15:00:00,0.0
2020-08-01 18:00:00,0.0
2020-08-01 21:00:00,62047.64996237602
2020-08-02 00:00:00,291387.8092774096
2020-08-02 03:00:00,370942.4580984224
2020-08-02 06:00:00,238605.50440820723
2020-08-02 09:00:00,27797.910611910273
2020-08-02 12:00:00,0.0
2020-08-02 15:00:00,0.0
2020-08-02 18:00:00,0.0
2020-08-02 21:00:00,55074.966704001374
2020-08-03 00:00:00,288674.53335437906
2020-08-03 03:00:00,352836.2202305235
2020-08-03 06:00:00,227187.4030627639
2020-08-03 09:00:00,29687.048082207955
2020-08-03 12:00:00,0.0
2020-08-03 15:00:00,0.0
2020-08-03 18:00:00,0.0
2020-08-03 21:00:00,56554.43896305498
2020-08-04 00:00:00,299328.50934779533
2020-08-04 03:00:00,387717.07657726354
2020-08-04 06:00:00,266109.21774776664
2020-08-04 09:00:00,31872.973523779958
2020-08-04 12:00:00,0.0
2020-08-04 15:00:00,0.0
2020-08-04 18:00:00,0.0
2020-08-04 21:00:00,64861.83086784059
2020-08-05 00:00:00,314970.1340993984
2020-08-05 03:00:00,402847.19153500476
2020-08-05 06:00:00,270238.9592451733
2020-08-05 09:00:00,29967.86222423327
2020-08-05 12:00:00,0.0
2020-08-05 15:00:00,0.0
2020-08-05 18:00:00,0.0
2020-08-05 21:00:00,65974.79622135994
2020-08-06 00:00:00,329602.03246294893
2020-08-06 03:00:00,417444.0503626956
2020-08-06 06:00:00,273611.86739451956
2020-08-06 09:00:00,29796.315729281865
2020-08-06 12:00:00,0.0
2020-08-06 15:00:00,0.0
2020-08-06 18:00:00,0.0
2020-08-06 21:00:00,51258.048358392145
2020-08-07 00:00:00,276290.85215684504
2020-08-07 03:00:00,312366.5969046952
2020-08-07 06:00:00,182050.46613762458
2020-08-07 09:00:00,19940.145486841127
2020-08-07 12:00:00,0.0
2020-08-07 15:00:00,0.0
2020-08-07 18:00:00,0.0
2020-08-07 21:00:00,49709.28233830041
2020-08-08 00:00:00,220118.68826023358
2020-08-08 03:00:00,261827.81111448037
2020-08-08 06:00:00,173897.6887425508
2020-08-08 09:00:00,21636.94999478541
2020-08-08 12:00:00,0.0
2020-08-08 15:00:00,0.0
2020-08-08 18:00:00,0.0
2020-08-08 21:00:00,61608.08083429925
2020-08-09 00:00:00,310496.48350468127
2020-08-09 03:00:00,385578.0238680159
2020-08-09 06:00:00,236411.53743061156
2020-08-09 09:00:00,22427.097902449517
2020-08-09 12:00:00,0.0
2020-08-09 15:00:00,0.0
2020-08-09 18:00:00,0.0
2020-08-09 21:00:00,40391.61495306266
2020-08-10 00:00:00,245214.0436132811
2020-08-10 03:00:00,272979.66232578224
2020-08-10 06:00:00,195839.1711105383
2020-08-10 09:00:00,21081.822040947045
2020-08-10 12:00:00,0.0
2020-08-10 15:00:00,0.0
2020-08-10 18:00:00,0.0
2020-08-10 21:00:00,53244.1562708874
2020-08-11 00:00:00,275817.7940869603
2020-08-11 03:00:00,347809.16204915446
2020-08-11 06:00:00,179524.2558530994
2020-08-11 09:00:00,16455.041017363234
2020-08-11 12:00:00,0.0
2020-08-11 15:00:00,0.0
2020-08-11 18:00:00,0.0
2020-08-11 21:00:00,56072.94206329322
2020-08-12 00:00:00,279668.15048287046
2020-08-12 03:00:00,342331.28873049567
2020-08-12 06:00:00,212590.49457610652
2020-08-12 09:00:00,23313.495608114365
2020-08-12 12:00:00,0.0
2020-08-12 15:00:00,0.0
2020-08-12 18:00:00,0.0
2020-08-12 21:00:00,48413.88392538287
2020-08-13 00:00:00,263706.2218721472
2020-08-13 03:00:00,361266.1812586962
2020-08-13 06:00:00,225381.21792690406
2020-08-13 09:00:00,25924.162271536225
2020-08-13 12:00:00,0.0
2020-08-13 15:00:00,0.0
2020-08-13 18:00:00,0.0
2020-08-13 21:00:00,64886.3487344364
2020-08-14 00:00:00,328801.72330322413
2020-08-14 03:00:00,418533.18606711284
2020-08-14 06:00:00,275631.2379677252
2020-08-14 09:00:00,27392.505882298232
2020-08-14 12:00:00,0.0
2020-08-14 15:00:00,0.0
2020-08-14 18:00:00,0.0
2020-08-14 21:00:00,67943.17671447457
2020-08-15 00:00:00,336606.1689012033
2020-08-15 03:00:00,419540.0158322754
2020-08-15 06:00:00,276895.4995671901
2020-08-15 09:00:00,27380.115599396446
2020-08-15 12:00:00,0.0
2020-08-15 15:00:00,0.0
2020-08-15 18:00:00,0.0
2020-08-15 21:00:00,69552.7856976304
2020-08-16 00:00:00,342447.14089892135
2020-08-16 03:00:00,429652.0275224052
2020-08-16 06:00:00,283504.1309102493
2020-08-16 09:00:00,27683.571780036786
2020-08-16 12:00:00,0.0
2020-08-16 15:00:00,0.0
2020-08-16 18:00:00,0.0
2020-08-16 21:00:00,69886.50926023563
2020-08-17 00:00:00,345065.5349922589
2020-08-17 03:00:00,432433.9326757083
2020-08-17 06:00:00,281174.9742580623
2020-08-17 09:00:00,27446.49284502841
2020-08-17 12:00:00,0.0
2020-08-17 15:00:00,0.0
2020-08-17 18:00:00,0.0
2020-08-17 21:00:00,65114.96651526635
2020-08-18 00:00:00,323667.466743465
2020-08-18 03:00:00,420417.3861467406
2020-08-18 06:00:00,279950.1488561691
2020-08-18 09:00:00,26664.540801209365
2020-08-18 12:00:00,0.0
2020-08-18 15:00:00,0.0
2020-08-18 18:00:00,0.0
2020-08-18 21:00:00,63632.16533809959
2020-08-19 00:00:00,338379.65176512324
2020-08-19 03:00:00,420072.3455003502
2020-08-19 06:00:00,268280.1216373249
2020-08-19 09:00:00,25200.937744747444
2020-08-19 12:00:00,0.0
2020-08-19 15:00:00,0.0
2020-08-19 18:00:00,0.0
2020-08-19 21:00:00,62614.957765012194
2020-08-20 00:00:00,330916.1148152195
2020-08-20 03:00:00,400336.67469300085
2020-08-20 06:00:00,261196.61114800491
2020-08-20 09:00:00,24308.386560896295
2020-08-20 12:00:00,0.0
2020-08-20 15:00:00,0.0
2020-08-20 18:00:00,0.0
2020-08-20 21:00:00,59377.96530465205
2020-08-21 00:00:00,318618.7524181468
2020-08-21 03:00:00,389975.15557240543
2020-08-21 06:00:00,237512.9660574764
2020-08-21 09:00:00,20921.16280046503
2020-08-21 12:00:00,0.0
2020-08-21 15:00:00,0.0
2020-08-21 18:00:00,0.0
2020-08-21 21:00:00,55415.12580739058
2020-08-22 00:00:00,296928.7137759419
2020-08-22 03:00:00,395033.0799648934
2020-08-22 06:00:00,208056.1983836934
2020-08-22 09:00:00,17577.311054720354
2020-08-22 12:00:00,0.0
2020-08-22 15:00:00,0.0
2020-08-22 18:00:00,0.0
2020-08-22 21:00:00,53040.920981560674
2020-08-23 00:00:00,293812.34279072715
2020-08-23 03:00:00,380733.0401962566
2020-08-23 06:00:00,220908.73026285466
2020-08-23 09:00:00,16122.480465827599
2020-08-23 12:00:00,0.0
2020-08-23 15:00:00,0.0
2020-08-23 18:00:00,0.0
2020-08-23 21:00:00,61533.374878220435
2020-08-24 00:00:00,318872.98185008916
2020-08-24 03:00:00,400168.9745918646
2020-08-24 06:00:00,239282.90973792097
2020-08-24 09:00:00,20591.15543730061
2020-08-24 12:00:00,0.0
2020-08-24 15:00:00,0.0
2020-08-24 18:00:00,0.0
2020-08-24 21:00:00,57210.537854673836
2020-08-25 00:00:00,303449.0829089924
2020-08-25 03:00:00,385523.33641008305
2020-08-25 06:00:00,233569.87938207886
2020-08-25 09:00:00,19182.38218330665
2020-08-25 12:00:00,0.0
2020-08-25 15:00:00,0.0
2020-08-25 18:00:00,0.0
2020-08-25 21:00:00,56813.48676819628
2020-08-26 00:00:00,305762.30674350786
2020-08-26 03:00:00,389590.30951891176
2020-08-26 06:00:00,232380.29641745624
2020-08-26 09:00:00,19316.698178011426
2020-08-26 12:00:00,0.0
2020-08-26 15:00:00,0.0
2020-08-26 18:00:00,0.0
2020-08-26 21:00:00,53139.03779201068
2020-08-27 00:00:00,279864.9696033573
2020-08-27 03:00:00,354892.54279094154
2020-08-27 06:00:00,214001.19443135386
2020-08-27 09:00:00,16376.594603670259
2020-08-27 12:00:00,0.0
2020-08-27 15:00:00,0.0
2020-08-27 18:00:00,0.0
2020-08-27 21:00:00,49868.05612995206
2020-08-28 00:00:00,277433.2383722968
2020-08-28 03:00:00,362811.5639831023
2020-08-28 06:00:00,219084.13375819006
2020-08-28 09:00:00,17756.679715454542
2020-08-28 12:00:00,0.0
2020-08-28 15:00:00,0.0
2020-08-28 18:00:00,0.0
2020-08-28 21:00:00,58324.22169496334
2020-08-29 00:00:00,320318.27635643666
2020-08-29 03:00:00,391109.3864776154
2020-08-29 06:00:00,234084.63970701603
2020-08-29 09:00:00,16828.07599388362
2020-08-29 12:00:00,0.0
2020-08-29 15:00:00,0.0
2020-08-29 18:00:00,0.0
2020-08-29 21:00:00,59616.433425418
2020-08-30 00:00:00,324522.00709175796
2020-08-30 03:00:00,375397.059276706
2020-08-30 06:00:00,217434.6764483822
2020-08-30 09:00:00,15187.817698656754
2020-08-30 12:00:00,0.0
2020-08-30 15:00:00,0.0
2020-08-30 18:00:00,0.0
2020-08-30 21:00:00,58211.35600565689
2020-08-31 00:00:00,321068.0528440315
2020-08-31 03:00:00,381396.77004323574
2020-08-31 06:00:00,224400.98329063825
2020-08-31 09:00:00,15422.689777108528
2020-08-31 12:00:00,0.0
2020-08-31 15:00:00,0.0
2020-08-31 18:00:00,0.0
2020-08-31 21:00:00,50428.23383561532
2020-09-01 00:00:00,285752.30994615797
2020-09-01 03:00:00,362980.6188029004
2020-09-01 06:00:00,220648.36172817496
2020-09-01 09:00:00,15926.816578424361
2020-09-01 12:00:00,0.0
2020-09-01 15:00:00,0.0
2020-09-01 18:00:00,0.0
2020-09-01 21:00:00,47444.847945792586
2020-09-02 00:00:00,259612.19230318404
2020-09-02 03:00:00,321391.6533387512
2020-09-02 06:00:00,171553.25358844522
2020-09-02 09:00:00,10906.752058298078
2020-09-02 12:00:00,0.0
2020-09-02 15:00:00,0.0
2020-09-02 18:00:00,0.0
2020-09-02 21:00:00,42278.96719625813
2020-09-03 00:00:00,258215.7565117955
2020-09-03 03:00:00,362071.2715884137
2020-09-03 06:00:00,205947.80659449703
2020-09-03 09:00:00,13957.697684624174
2020-09-03 12:00:00,0.0
2020-09-03 15:00:00,0.0
2020-09-03 18:00:00,0.0
2020-09-03 21:00:00,32748.90385438373
2020-09-04 00:00:00,185486.49915930312
2020-09-04 03:00:00,222503.27136503017
2020-09-04 06:00:00,106359.47771039212
2020-09-04 09:00:00,7816.825939838163
2020-09-04 12:00:00,0.0
2020-09-04 15:00:00,0.0
2020-09-04 18:00:00,0.0
2020-09-04 21:00:00,45566.66915472353
2020-09-05 00:00:00,272151.10534614325
2020-09-05 03:00:00,348548.7892993613
2020-09-05 06:00:00,198347.41428722162
2020-09-05 09:00:00,11318.42560708337
2020-09-05 12:00:00,0.0
2020-09-05 15:00:00,0.0
2020-09-05 18:00:00,0.0
2020-09-05 21:00:00,44646.80138494935
2020-09-06 00:00:00,247124.3362205068
2020-09-06 03:00:00,294272.48642970744
2020-09-06 06:00:00,112468.49627325598
2020-09-06 09:00:00,3131.80496275848
2020-09-06 12:00:00,0.0
2020-09-06 15:00:00,0.0
2020-09-06 18:00:00,0.0
2020-09-06 21:00:00,29159.468290306097
2020-09-07 00:00:00,216962.45005229255
2020-09-07 03:00:00,347612.77460369584
2020-09-07 06:00:00,213682.3036634346
2020-09-07 09:00:00,14933.822321346439
2020-09-07 12:00:00,0.0
2020-09-07 15:00:00,0.0
2020-09-07 18:00:00,0.0
2020-09-07 21:00:00,60719.397159736785
2020-09-08 00:00:00,328714.76385491935
2020-09-08 03:00:00,419736.9142506016
2020-09-08 06:00:00,264820.821886051
2020-09-08 09:00:00,16648.786833116563
2020-09-08 12:00:00,0.0
2020-09-08 15:00:00,0.0
2020-09-08 18:00:00,0.0
2020-09-08 21:00:00,45086.53096907027
2020-09-09 00:00:00,215098.12453325972
2020-09-09 03:00:00,212058.50222830186
2020-09-09 06:00:00,122452.95951507824
2020-09-09 09:00:00,10481.536049845035
2020-09-09 12:00:00,0.0
2020-09-09 15:00:00,0.0
2020-09-09 18:00:00,0.0
2020-09-09 21:00:00,40785.838245683684
2020-09-10 00:00:00,214245.54060652765
2020-09-10 03:00:00,288781.2838684138
2020-09-10 06:00:00,177024.92445401722
2020-09-10 09:00:00,10627.934507536007
2020-09-10 12:00:00,0.0
2020-09-10 15:00:00,0.0
2020-09-10 18:00:00,0.0
2020-09-10 21:00:00,20589.294729177298
2020-09-11 00:00:00,146318.1294104291
2020-09-11 03:00:00,231158.98357471154
2020-09-11 06:00:00,125310.80451831657
2020-09-11 09:00:00,6913.533905185053
2020-09-11 12:00:00,0.0
2020-09-11 15:00:00,0.0
2020-09-11 18:00:00,0.0
2020-09-11 21:00:00,33964.767317508165
2020-09-12 00:00:00,193388.60779680684
2020-09-12 03:00:00,294196.20348868787
2020-09-12 06:00:00,164608.48847103768
2020-09-12 09:00:00,6995.504211795451
2020-09-12 12:00:00,0.0
2020-09-12 15:00:00,0.0
2020-09-12 18:00:00,0.0
2020-09-12 21:00:00,34512.47873753494
2020-09-13 00:00:00,224538.85027617618
2020-09-13 03:00:00,337809.01191102306
2020-09-13 06:00:00,182389.0064293331
2020-09-13 09:00:00,9163.66077152701
2020-09-13 12:00:00,0.0
2020-09-13 15:00:00,0.0
2020-09-13 18:00:00,0.0
2020-09-13 21:00:00,49185.055611704316
2020-09-14 00:00:00,247537.78771655235
2020-09-14 03:00:00,319511.4085746092
2020-09-14 06:00:00,194724.26030420017
2020-09-14 09:00:00,13185.076212837635
2020-09-14 12:00:00,0.0
2020-09-14 15:00:00,0.0
2020-09-14 18:00:00,0.0
2020-09-14 21:00:00,49337.575427443764
2020-09-15 00:00:00,288914.44226532336
2020-09-15 03:00:00,363176.77343974466
2020-09-15 06:00:00,219655.56496500297
2020-09-15 09:00:00,10544.473868179693
2020-09-15 12:00:00,0.0
2020-09-15 15:00:00,0.0
2020-09-15 18:00:00,0.0
2020-09-15 21:00:00,24487.581094138637
2020-09-16 00:00:00,152463.1495911171
2020-09-16 03:00:00,163770.73982716718
2020-09-16 06:00:00,77393.87054780485
2020-09-16 09:00:00,3887.5226049234825
2020-09-16 12:00:00,0.0
2020-09-16 15:00:00,0.0
2020-09-16 18:00:00,0.0
2020-09-16 21:00:00,20328.787907646358
2020-09-17 00:00:00,87084.01534661729
2020-09-17 03:00:00,117855.93481143587
2020-09-17 06:00:00,55536.857951903716
2020-09-17 09:00:00,3596.3172228981366
2020-09-17 12:00:00,0.0
2020-09-17 15:00:00,0.0
2020-09-17 18:00:00,0.0
2020-09-17 21:00:00,27017.415983961004
2020-09-18 00:00:00,146448.29000738432
2020-09-18 03:00:00,157621.09683587126
2020-09-18 06:00:00,102164.94890664522
2020-09-18 09:00:00,5203.74576262564
2020-09-18 12:00:00,0.0
2020-09-18 15:00:00,0.0
2020-09-18 18:00:00,0.0
2020-09-18 21:00:00,59031.53695973342
2020-09-19 00:00:00,337582.7778058497
2020-09-19 03:00:00,372158.35976192664
2020-09-19 06:00:00,201793.7500832936
2020-09-19 09:00:00,6616.867800268079
2020-09-19 12:00:00,0.0
2020-09-19 15:00:00,0.0
2020-09-19 18:00:00,0.0
2020-09-19 21:00:00,35360.18466342138
2020-09-20 00:00:00,289562.2709817637
2020-09-20 03:00:00,389231.7597331496
2020-09-20 06:00:00,168694.53826445277
2020-09-20 09:00:00,7030.504609910221
2020-09-20 12:00:00,0.0
2020-09-20 15:00:00,0.0
2020-09-20 18:00:00,0.0
2020-09-20 21:00:00,64778.8496449873
2020-09-21 00:00:00,349877.6516925833
2020-09-21 03:00:00,431311.5912366484
2020-09-21 06:00:00,234211.43867279694
2020-09-21 09:00:00,8134.3017127867015
2020-09-21 12:00:00,0.0
2020-09-21 15:00:00,0.0
2020-09-21 18:00:00,0.0
2020-09-21 21:00:00,50603.76860627476
2020-09-22 00:00:00,299016.93200148846
2020-09-22 03:00:00,324011.203223768
2020-09-22 06:00:00,146670.18651623576
2020-09-22 09:00:00,4566.878578157002
2020-09-22 12:00:00,0.0
2020-09-22 15:00:00,0.0
2020-09-22 18:00:00,0.0
2020-09-22 21:00:00,49381.308947863654
2020-09-23 00:00:00,307662.95014433976
2020-09-23 03:00:00,351829.00944372057
2020-09-23 06:00:00,156837.53072202732
2020-09-23 09:00:00,5798.436375204327
2020-09-23 12:00:00,0.0
2020-09-23 15:00:00,0.0
2020-09-23 18:00:00,0.0
2020-09-23 21:00:00,22352.95116257298
2020-09-24 00:00:00,159709.09286508517
2020-09-24 03:00:00,190313.8897886256
2020-09-24 06:00:00,73931.57234178383
2020-09-24 09:00:00,1576.5720486821094
2020-09-24 12:00:00,0.0
2020-09-24 15:00:00,0.0
2020-09-24 18:00:00,0.0
2020-09-24 21:00:00,4888.571219411679
2020-09-25 00:00:00,67342.76131046211
2020-09-25 03:00:00,151412.29573293455
2020-09-25 06:00:00,100332.80811595113
2020-09-25 09:00:00,4855.417600415899
2020-09-25 12:00:00,0.0
2020-09-25 15:00:00,0.0
2020-09-25 18:00:00,0.0
2020-09-25 21:00:00,29184.401617869007
2020-09-26 00:00:00,177919.99920359862
2020-09-26 03:00:00,230131.9983567943
2020-09-26 06:00:00,142852.43827923562
2020-09-26 09:00:00,5547.266249182701
2020-09-26 12:00:00,0.0
2020-09-26 15:00:00,0.0
2020-09-26 18:00:00,0.0
2020-09-26 21:00:00,46805.86174355564
2020-09-27 00:00:00,285933.12315438804
2020-09-27 03:00:00,377030.2166116723
2020-09-27 06:00:00,203598.31241137255
2020-09-27 09:00:00,7295.823233857509
2020-09-27 12:00:00,0.0
2020-09-27 15:00:00,0.0
2020-09-27 18:00:00,0.0
2020-09-27 21:00:00,59540.82377981017
2020-09-28 00:00:00,327681.0159916362
2020-09-28 03:00:00,387881.9330649198
2020-09-28 06:00:00,213146.32193398554
2020-09-28 09:00:00,7495.28706580081
2020-09-28 12:00:00,0.0
2020-09-28 15:00:00,0.0
2020-09-28 18:00:00,0.0
2020-09-28 21:00:00,47694.82346252921
2020-09-29 00:00:00,268796.9480798602
2020-09-29 03:00:00,310968.36701429414
2020-09-29 06:00:00,162703.16304530227
2020-09-29 09:00:00,4420.53278262098
2020-09-29 12:00:00,0.0
2020-09-29 15:00:00,0.0
2020-09-29 18:00:00,0.0
2020-09-29 21:00:00,32813.33354978067
2020-09-30 00:00:00,182942.50804273662
2020-09-30 03:00:00,178782.56497187575
2020-09-30 06:00:00,97175.85063293323
2020-09-30 09:00:00,3382.6822281649042
2020-09-30 12:00:00,0.0
2020-09-30 15:00:00,0.0
2020-09-30 18:00:00,0.0
2020-09-30 21:00:00,48678.2077409166
2020-10-01 00:00:00,305028.70608321426
2020-10-01 03:00:00,398053.22963361384
2020-10-01 06:00:00,228556.64840973227
2020-10-01 09:00:00,7187.055141823079
2020-10-01 12:00:00,0.0
2020-10-01 15:00:00,0.0
2020-10-01 18:00:00,0.0
2020-10-01 21:00:00,60771.3367030689
2020-10-02 00:00:00,343552.1371714262
2020-10-02 03:00:00,418201.02993050514
2020-10-02 06:00:00,224125.59470608068
2020-10-02 09:00:00,6027.277866010572
2020-10-02 12:00:00,0.0
2020-10-02 15:00:00,0.0
2020-10-02 18:00:00,0.0
2020-10-02 21:00:00,39449.25374807639
2020-10-03 00:00:00,208926.21900683432
2020-10-03 03:00:00,213510.0538383758
2020-10-03 06:00:00,128532.8773044495
2020-10-03 09:00:00,4397.710288741326
2020-10-03 12:00:00,0.0
2020-10-03 15:00:00,0.0
2020-10-03 18:00:00,0.0
2020-10-03 21:00:00,19610.830919298838
2020-10-04 00:00:00,147059.00783682312
2020-10-04 03:00:00,170815.0713033189
2020-10-04 06:00:00,105909.97899167691
2020-10-04 09:00:00,2498.649892794761
2020-10-04 12:00:00,0.0
2020-10-04 15:00:00,0.0
2020-10-04 18:00:00,0.0
2020-10-04 21:00:00,12258.782582673863
2020-10-05 00:00:00,150384.88016289138
2020-10-05 03:00:00,328361.539723915
2020-10-05 06:00:00,201398.22687444443
2020-10-05 09:00:00,5197.26536876185
2020-10-05 12:00:00,0.0
2020-10-05 15:00:00,0.0
2020-10-05 18:00:00,0.0
2020-10-05 21:00:00,52747.558674367516
2020-10-06 00:00:00,348423.29268643673
2020-10-06 03:00:00,433633.39924598706
2020-10-06 06:00:00,232838.64562497256
2020-10-06 09:00:00,5129.6813390871885
2020-10-06 12:00:00,0.0
2020-10-06 15:00:00,0.0
2020-10-06 18:00:00,0.0
2020-10-06 21:00:00,52490.565047983364
2020-10-07 00:00:00,325882.47233932326
2020-10-07 03:00:00,405069.01116197254
2020-10-07 06:00:00,169463.21996442234
2020-10-07 09:00:00,2483.8652514219407
2020-10-07 12:00:00,0.0
2020-10-07 15:00:00,0.0
2020-10-07 18:00:00,0.0
2020-10-07 21:00:00,6757.098460829349
2020-10-08 00:00:00,39247.39988277737
2020-10-08 03:00:00,45821.914559581586
2020-10-08 06:00:00,24009.67257290149
2020-10-08 09:00:00,469.2511547142276
2020-10-08 12:00:00,0.0
2020-10-08 15:00:00,0.0
2020-10-08 18:00:00,0.0
2020-10-08 21:00:00,13388.509310653528
2020-10-09 00:00:00,120390.75511317587
2020-10-09 03:00:00,149749.13711720315
2020-10-09 06:00:00,49665.47199755032
2020-10-09 09:00:00,810.4030289336788
2020-10-09 12:00:00,0.0
2020-10-09 15:00:00,0.0
2020-10-09 18:00:00,0.0
2020-10-09 21:00:00,20826.42368594282
2020-10-10 00:00:00,182018.70813900043
2020-10-10 03:00:00,246161.8190845829
2020-10-10 06:00:00,109962.37060125098
2020-10-10 09:00:00,1427.2866150548598
2020-10-10 12:00:00,0.0
2020-10-10 15:00:00,0.0
2020-10-10 18:00:00,0.0
2020-10-10 21:00:00,46568.643195686374
2020-10-11 00:00:00,282802.0540251336
2020-10-11 03:00:00,342150.588614158
2020-10-11 06:00:00,161638.24027144446
2020-10-11 09:00:00,1270.0438824180294
2020-10-11 12:00:00,0.0
2020-10-11 15:00:00,0.0
2020-10-11 18:00:00,0.0
2020-10-11 21:00:00,37063.78762221255
2020-10-12 00:00:00,269537.8097235734
2020-10-12 03:00:00,296071.5386514005
2020-10-12 06:00:00,142719.7120511647
2020-10-12 09:00:00,1068.1058516507383
2020-10-12 12:00:00,0.0
2020-10-12 15:00:00,0.0
2020-10-12 18:00:00,0.0
2020-10-12 21:00:00,40434.809722155995
2020-10-13 00:00:00,298607.0837848438
2020-10-13 03:00:00,408744.007918565
2020-10-13 06:00:00,215651.4552922045
2020-10-13 09:00:00,950.7374227098974
2020-10-13 12:00:00,0.0
2020-10-13 15:00:00,0.0
2020-10-13 18:00:00,0.0
2020-10-13 21:00:00,51606.047413026965
2020-10-14 00:00:00,312399.00770080136
2020-10-14 03:00:00,330146.2615488622
2020-10-14 06:00:00,158166.74909658442
2020-10-14 09:00:00,587.9949492479946
2020-10-14 12:00:00,0.0
2020-10-14 15:00:00,0.0
2020-10-14 18:00:00,0.0
2020-10-14 21:00:00,48315.966551526435
2020-10-15 00:00:00,305412.75043246057
2020-10-15 03:00:00,369555.409093191
2020-10-15 06:00:00,185506.236332549
2020-10-15 09:00:00,326.2236754338476
2020-10-15 12:00:00,0.0
2020-10-15 15:00:00,0.0
2020-10-15 18:00:00,0.0
2020-10-15 21:00:00,46063.680940011094
2020-10-16 00:00:00,316772.8737400943
2020-10-16 03:00:00,322380.6616448732
2020-10-16 06:00:00,71543.52319477491
2020-10-16 09:00:00,11.570375514019682
2020-10-16 12:00:00,0.0
2020-10-16 15:00:00,0.0
2020-10-16 18:00:00,0.0
2020-10-16 21:00:00,4964.178219141386
2020-10-17 00:00:00,57448.78123613436
2020-10-17 03:00:00,92715.12808756698
2020-10-17 06:00:00,64725.80133621364
2020-10-17 09:00:00,93.48097567565132
2020-10-17 12:00:00,0.0
2020-10-17 15:00:00,0.0
2020-10-17 18:00:00,0.0
2020-10-17 21:00:00,33564.75708854221
2020-10-18 00:00:00,241989.31206630837
2020-10-18 03:00:00,341389.7307163526
2020-10-18 06:00:00,170096.5274699421
2020-10-18 09:00:00,0.8085587855292735
2020-10-18 12:00:00,0.0
2020-10-18 15:00:00,0.0
2020-10-18 18:00:00,0.0
2020-10-18 21:00:00,11297.578320744267
2020-10-19 00:00:00,106416.4130254169
2020-10-19 03:00:00,143470.3358856762
2020-10-19 06:00:00,105558.36325423441
2020-10-19 09:00:00,0.0
2020-10-19 12:00:00,0.0
2020-10-19 15:00:00,0.0
2020-10-19 18:00:00,0.0
2020-10-19 21:00:00,47822.64587044905
2020-10-20 00:00:00,342010.250795625
2020-10-20 03:00:00,424174.6757493947
2020-10-20 06:00:00,215083.02702975398
2020-10-20 09:00:00,0.0
2020-10-20 12:00:00,0.0
2020-10-20 15:00:00,0.0
2020-10-20 18:00:00,0.0
2020-10-20 21:00:00,46354.4763130804
2020-10-21 00:00:00,318286.95786519255
2020-10-21 03:00:00,356945.05559088034
2020-10-21 06:00:00,136200.28622239
2020-10-21 09:00:00,0.0
2020-10-21 12:00:00,0.0
2020-10-21 15:00:00,0.0
2020-10-21 18:00:00,0.0
2020-10-21 21:00:00,8290.67105201145
2020-10-22 00:00:00,63869.4740605816
2020-10-22 03:00:00,84804.53273261333
2020-10-22 06:00:00,23414.256093873442
2020-10-22 09:00:00,0.0
2020-10-22 12:00:00,0.0
2020-10-22 15:00:00,0.0
2020-10-22 18:00:00,0.0
2020-10-22 21:00:00,8379.615755299508
2020-10-23 00:00:00,171958.00980822148
2020-10-23 03:00:00,313873.6022069119
2020-10-23 06:00:00,173053.72328215223
2020-10-23 09:00:00,0.0
2020-10-23 12:00:00,0.0
2020-10-23 15:00:00,0.0
2020-10-23 18:00:00,0.0
2020-10-23 21:00:00,43630.47032579906
2020-10-24 00:00:00,294246.34728741896
2020-10-24 03:00:00,381393.0468809678
2020-10-24 06:00:00,197251.3422879889
2020-10-24 09:00:00,0.0
2020-10-24 12:00:00,0.0
2020-10-24 15:00:00,0.0
2020-10-24 18:00:00,0.0
2020-10-24 21:00:00,53308.528201804074
2020-10-25 00:00:00,354379.55909842264
2020-10-25 03:00:00,432290.847442617
2020-10-25 06:00:00,211546.66197980844
2020-10-25 09:00:00,0.0
2020-10-25 12:00:00,0.0
2020-10-25 15:00:00,0.0
2020-10-25 18:00:00,0.0
2020-10-25 21:00:00,46811.26609109748
2020-10-26 00:00:00,340816.70948245487
2020-10-26 03:00:00,410957.105850217
2020-10-26 06:00:00,200888.66594228407
2020-10-26 09:00:00,0.0
2020-10-26 12:00:00,0.0
2020-10-26 15:00:00,0.0
2020-10-26 18:00:00,0.0
2020-10-26 21:00:00,47575.94238133291
2020-10-27 00:00:00,339924.23132930504
2020-10-27 03:00:00,415960.21933624614
2020-10-27 06:00:00,190913.84440491215
2020-10-27 09:00:00,0.0
2020-10-27 12:00:00,0.0
2020-10-27 15:00:00,0.0
2020-10-27 18:00:00,0.0
2020-10-27 21:00:00,30678.78602353986
2020-10-28 00:00:00,262677.8407301755
2020-10-28 03:00:00,326010.61963250727
2020-10-28 06:00:00,106308.52174233782
2020-10-28 09:00:00,0.0
2020-10-28 12:00:00,0.0
2020-10-28 15:00:00,0.0
2020-10-28 18:00:00,0.0
2020-10-28 21:00:00,42487.087849651354
2020-10-29 00:00:00,314371.48562281823
2020-10-29 03:00:00,385067.6252812159
2020-10-29 06:00:00,182839.0348024507
2020-10-29 09:00:00,0.0
2020-10-29 12:00:00,0.0
2020-10-29 15:00:00,0.0
2020-10-29 18:00:00,0.0
2020-10-29 21:00:00,41364.492904263
2020-10-30 00:00:00,297358.1726428282
2020-10-30 03:00:00,342616.36034013587
2020-10-30 06:00:00,157661.62914127266
2020-10-30 09:00:00,0.0
2020-10-30 12:00:00,0.0
2020-10-30 15:00:00,0.0
2020-10-30 18:00:00,0.0
2020-10-30 21:00:00,49418.39665647481
2020-10-31 00:00:00,352929.3472671398
2020-10-31 03:00:00,432852.5545541844
2020-10-31 06:00:00,206419.51400382328
2020-10-31 09:00:00,0.0
2020-10-31 12:00:00,0.0
2020-10-31 15:00:00,0.0
2020-10-31 18:00:00,0.0
2020-10-31 21:00:00,33118.09375566276
2020-11-01 00:00:00,230858.80072780218
2020-11-01 03:00:00,286734.57437879924
2020-11-01 06:00:00,110797.77072741809
2020-11-01 09:00:00,0.0
2020-11-01 12:00:00,0.0
2020-11-01 15:00:00,0.0
2020-11-01 18:00:00,0.0
2020-11-01 21:00:00,3665.4817137205864
2020-11-02 00:00:00,38414.786491626386
2020-11-02 03:00:00,43681.141388342905
2020-11-02 06:00:00,12984.785329948832
2020-11-02 09:00:00,0.0
2020-11-02 12:00:00,0.0
2020-11-02 15:00:00,0.0
2020-11-02 18:00:00,0.0
2020-11-02 21:00:00,35106.731899664126
2020-11-03 00:00:00,319907.66907201754
2020-11-03 03:00:00,348080.3431908136
2020-11-03 06:00:00,156171.9224156746
2020-11-03 09:00:00,0.0
2020-11-03 12:00:00,0.0
2020-11-03 15:00:00,0.0
2020-11-03 18:00:00,0.0
2020-11-03 21:00:00,40771.243723754254
2020-11-04 00:00:00,317809.6868708164
2020-11-04 03:00:00,374159.77466756076
2020-11-04 06:00:00,173131.28947113425
2020-11-04 09:00:00,0.0
2020-11-04 12:00:00,0.0
2020-11-04 15:00:00,0.0
2020-11-04 18:00:00,0.0
2020-11-04 21:00:00,42296.9500198034
2020-11-05 00:00:00,330167.1313526345
2020-11-05 03:00:00,404374.9656351297
2020-11-05 06:00:00,192772.37771583672
2020-11-05 09:00:00,0.0
2020-11-05 12:00:00,0.0
2020-11-05 15:00:00,0.0
2020-11-05 18:00:00,0.0
2020-11-05 21:00:00,18082.004589540582
2020-11-06 00:00:00,206117.23341501688
2020-11-06 03:00:00,314861.37868855667
2020-11-06 06:00:00,152498.22867619692
2020-11-06 09:00:00,0.0
2020-11-06 12:00:00,0.0
2020-11-06 15:00:00,0.0
2020-11-06 18:00:00,0.0
2020-11-06 21:00:00,8826.868239270705
2020-11-07 00:00:00,105650.05853680751
2020-11-07 03:00:00,87505.2829855942
2020-11-07 06:00:00,26053.046741372214
2020-11-07 09:00:00,0.0
2020-11-07 12:00:00,0.0
2020-11-07 15:00:00,0.0
2020-11-07 18:00:00,0.0
2020-11-07 21:00:00,26676.07119431404
2020-11-08 00:00:00,255041.05869604746
2020-11-08 03:00:00,330772.59881161957
2020-11-08 06:00:00,151601.09648847848
2020-11-08 09:00:00,0.0
2020-11-08 12:00:00,0.0
2020-11-08 15:00:00,0.0
2020-11-08 18:00:00,0.0
2020-11-08 21:00:00,30160.366872231163
2020-11-09 00:00:00,259109.94826906925
2020-11-09 03:00:00,305619.00704667007
2020-11-09 06:00:00,145457.2584455782
2020-11-09 09:00:00,0.0
2020-11-09 12:00:00,0.0
2020-11-09 15:00:00,0.0
2020-11-09 18:00:00,0.0
2020-11-09 21:00:00,32344.621452854135
2020-11-10 00:00:00,264574.46084324445
2020-11-10 03:00:00,295158.5564845174
2020-11-10 06:00:00,119454.66276451596
2020-11-10 09:00:00,0.0
2020-11-10 12:00:00,0.0
2020-11-10 15:00:00,0.0
2020-11-10 18:00:00,0.0
2020-11-10 21:00:00,30621.04995784461
2020-11-11 00:00:00,287790.3811769712
2020-11-11 03:00:00,345883.04685462406
2020-11-11 06:00:00,147732.48700345165
2020-11-11 09:00:00,0.0
2020-11-11 12:00:00,0.0
2020-11-11 15:00:00,0.0
2020-11-11 18:00:00,0.0
2020-11-11 21:00:00,28443.554814105162
2020-11-12 00:00:00,271059.9296999178
2020-11-12 03:00:00,367840.2501671867
2020-11-12 06:00:00,162154.40933049566
2020-11-12 09:00:00,0.0
2020-11-12 12:00:00,0.0
2020-11-12 15:00:00,0.0
2020-11-12 18:00:00,0.0
2020-11-12 21:00:00,23856.296175208874
2020-11-13 00:00:00,241488.64663784736
2020-11-13 03:00:00,294595.43572635116
2020-11-13 06:00:00,120474.6276197497
2020-11-13 09:00:00,0.0
2020-11-13 12:00:00,0.0
2020-11-13 15:00:00,0.0
2020-11-13 18:00:00,0.0
2020-11-13 21:00:00,33718.02655946571
2020-11-14 00:00:00,319053.7121583624
2020-11-14 03:00:00,407981.6663580999
2020-11-14 06:00:00,186596.48143723106
2020-11-14 09:00:00,0.0
2020-11-14 12:00:00,0.0
2020-11-14 15:00:00,0.0
2020-11-14 18:00:00,0.0
2020-11-14 21:00:00,31787.801780610564
2020-11-15 00:00:00,304892.0579645635
2020-11-15 03:00:00,353190.51213701454
2020-11-15 06:00:00,137261.87266346128
2020-11-15 09:00:00,0.0
2020-11-15 12:00:00,0.0
2020-11-15 15:00:00,0.0
2020-11-15 18:00:00,0.0
2020-11-15 21:00:00,21095.83239980132
2020-11-16 00:00:00,232355.7862059836
2020-11-16 03:00:00,291606.1825767443
2020-11-16 06:00:00,129661.12277403902
2020-11-16 09:00:00,0.0
2020-11-16 12:00:00,0.0
2020-11-16 15:00:00,0.0
2020-11-16 18:00:00,0.0
2020-11-16 21:00:00,28870.27333105007
2020-11-17 00:00:00,295971.47407536965
2020-11-17 03:00:00,376206.5912070794
2020-11-17 06:00:00,148921.74843792603
2020-11-17 09:00:00,0.0
2020-11-17 12:00:00,0.0
2020-11-17 15:00:00,0.0
2020-11-17 18:00:00,0.0
2020-11-17 21:00:00,27473.158360553574
2020-11-18 00:00:00,285385.0493606202
2020-11-18 03:00:00,346018.79808834067
2020-11-18 06:00:00,120384.7561333969
2020-11-18 09:00:00,0.0
2020-11-18 12:00:00,0.0
2020-11-18 15:00:00,0.0
2020-11-18 18:00:00,0.0
2020-11-18 21:00:00,21392.55291596218
2020-11-19 00:00:00,243941.5704797749
2020-11-19 03:00:00,306795.22338734474
2020-11-19 06:00:00,116541.07354074455
2020-11-19 09:00:00,0.0
2020-11-19 12:00:00,0.0
2020-11-19 15:00:00,0.0
2020-11-19 18:00:00,0.0
2020-11-19 21:00:00,5913.186906325063
2020-11-20 00:00:00,97928.6124650375
2020-11-20 03:00:00,185844.72039259042
2020-11-20 06:00:00,95720.88545220272
2020-11-20 09:00:00,0.0
2020-11-20 12:00:00,0.0
2020-11-20 15:00:00,0.0
2020-11-20 18:00:00,0.0
2020-11-20 21:00:00,23251.167289834193
2020-11-21 00:00:00,254900.75398951548
2020-11-21 03:00:00,369357.57551657374
2020-11-21 06:00:00,168632.15411879515
2020-11-21 09:00:00,0.0
2020-11-21 12:00:00,0.0
2020-11-21 15:00:00,0.0
2020-11-21 18:00:00,0.0
2020-11-21 21:00:00,23360.147837731784
2020-11-22 00:00:00,225176.97618068568
2020-11-22 03:00:00,264616.21036374697
2020-11-22 06:00:00,77749.01166923929
2020-11-22 09:00:00,0.0
2020-11-22 12:00:00,0.0
2020-11-22 15:00:00,0.0
2020-11-22 18:00:00,0.0
2020-11-22 21:00:00,15110.529466422873
2020-11-23 00:00:00,179658.8853921341
2020-11-23 03:00:00,195418.01672317937
2020-11-23 06:00:00,85780.98449005761
2020-11-23 09:00:00,0.0
2020-11-23 12:00:00,0.0
2020-11-23 15:00:00,0.0
2020-11-23 18:00:00,0.0
2020-11-23 21:00:00,22917.65293241045
2020-11-24 00:00:00,250663.19143788144
2020-11-24 03:00:00,282397.33372251736
2020-11-24 06:00:00,127332.77844798716
2020-11-24 09:00:00,0.0
2020-11-24 12:00:00,0.0
2020-11-24 15:00:00,0.0
2020-11-24 18:00:00,0.0
2020-11-24 21:00:00,21105.267941130078
2020-11-25 00:00:00,218286.51518378127
2020-11-25 03:00:00,247566.56835035974
2020-11-25 06:00:00,97643.88111796076
2020-11-25 09:00:00,0.0
2020-11-25 12:00:00,0.0
2020-11-25 15:00:00,0.0
2020-11-25 18:00:00,0.0
2020-11-25 21:00:00,22696.11962839194
2020-11-26 00:00:00,235755.34472948854
2020-11-26 03:00:00,257673.04638443998
2020-11-26 06:00:00,88981.12031619516
2020-11-26 09:00:00,0.0
2020-11-26 12:00:00,0.0
2020-11-26 15:00:00,0.0
2020-11-26 18:00:00,0.0
2020-11-26 21:00:00,16320.762294414923
2020-11-27 00:00:00,204814.23966267385
2020-11-27 03:00:00,256094.3993277109
2020-11-27 06:00:00,103822.49391605973
2020-11-27 09:00:00,0.0
2020-11-27 12:00:00,0.0
2020-11-27 15:00:00,0.0
2020-11-27 18:00:00,0.0
2020-11-27 21:00:00,21123.544405921453
2020-11-28 00:00:00,208865.72159650008
2020-11-28 03:00:00,249733.41987184327
2020-11-28 06:00:00,104679.00687520346
2020-11-28 09:00:00,0.0
2020-11-28 12:00:00,0.0
2020-11-28 15:00:00,0.0
2020-11-28 18:00:00,0.0
2020-11-28 21:00:00,19026.016594835557
2020-11-29 00:00:00,227286.3661535696
2020-11-29 03:00:00,250840.95469197806
2020-11-29 06:00:00,97968.77242292941
2020-11-29 09:00:00,0.0
2020-11-29 12:00:00,0.0
2020-11-29 15:00:00,0.0
2020-11-29 18:00:00,0.0
2020-11-29 21:00:00,20714.172173104107
2020-11-30 00:00:00,225798.45679122396
2020-11-30 03:00:00,286090.7910545933
2020-11-30 06:00:00,108874.11502081837
2020-11-30 09:00:00,0.0
2020-11-30 12:00:00,0.0
2020-11-30 15:00:00,0.0
2020-11-30 18:00:00,0.0
2020-11-30 21:00:00,22170.499848190022
2020-12-01 00:00:00,253557.2310646125
2020-12-01 03:00:00,338896.7169854132
2020-12-01 06:00:00,143809.39073717868
2020-12-01 09:00:00,0.0
2020-12-01 12:00:00,0.0
2020-12-01 15:00:00,0.0
2020-12-01 18:00:00,0.0
2020-12-01 21:00:00,21192.6631402977
2020-12-02 00:00:00,257066.3990564624
2020-12-02 03:00:00,331904.979769284
2020-12-02 06:00:00,138915.95894147106
2020-12-02 09:00:00,0.0
2020-12-02 12:00:00,0.0
2020-12-02 15:00:00,0.0
2020-12-02 18:00:00,0.0
2020-12-02 21:00:00,20160.980587264534
2020-12-03 00:00:00,224410.0128170425
2020-12-03 03:00:00,252917.7190693611
2020-12-03 06:00:00,104241.41228377286
2020-12-03 09:00:00,0.0
2020-12-03 12:00:00,0.0
2020-12-03 15:00:00,0.0
2020-12-03 18:00:00,0.0
2020-12-03 21:00:00,20636.858069741145
2020-12-04 00:00:00,237897.8958461339
2020-12-04 03:00:00,292819.44096593035
2020-12-04 06:00:00,118781.81125991863
2020-12-04 09:00:00,0.0
2020-12-04 12:00:00,0.0
2020-12-04 15:00:00,0.0
2020-12-04 18:00:00,0.0
2020-12-04 21:00:00,22228.39776777098
2020-12-05 00:00:00,272184.9723345877
2020-12-05 03:00:00,368714.7277651562
2020-12-05 06:00:00,165009.02940339292
2020-12-05 09:00:00,0.0
2020-12-05 12:00:00,0.0
2020-12-05 15:00:00,0.0
2020-12-05 18:00:00,0.0
2020-12-05 21:00:00,22440.984034802925
2020-12-06 00:00:00,261172.14742686576
2020-12-06 03:00:00,355817.3386179909
2020-12-06 06:00:00,158937.37744797225
2020-12-06 09:00:00,0.0
2020-12-06 12:00:00,0.0
2020-12-06 15:00:00,0.0
2020-12-06 18:00:00,0.0
2020-12-06 21:00:00,19969.860307458763
2020-12-07 00:00:00,250012.03850449505
2020-12-07 03:00:00,304723.75740675244
2020-12-07 06:00:00,122336.85995420627
2020-12-07 09:00:00,0.0
2020-12-07 12:00:00,0.0
2020-12-07 15:00:00,0.0
2020-12-07 18:00:00,0.0
2020-12-07 21:00:00,18040.389411234442
2020-12-08 00:00:00,220184.80003088975
2020-12-08 03:00:00,290158.6628073292
2020-12-08 06:00:00,128994.08869591392
2020-12-08 09:00:00,0.0
2020-12-08 12:00:00,0.0
2020-12-08 15:00:00,0.0
2020-12-08 18:00:00,0.0
2020-12-08 21:00:00,11661.950022618588
2020-12-09 00:00:00,212442.0248218393
2020-12-09 03:00:00,318483.48480586964
2020-12-09 06:00:00,140737.19530637132
2020-12-09 09:00:00,0.0
2020-12-09 12:00:00,0.0
2020-12-09 15:00:00,0.0
2020-12-09 18:00:00,0.0
2020-12-09 21:00:00,15392.82970076041
2020-12-10 00:00:00,223262.24297165204
2020-12-10 03:00:00,317576.5634936191
2020-12-10 06:00:00,116979.10268770094
2020-12-10 09:00:00,0.0
2020-12-10 12:00:00,0.0
2020-12-10 15:00:00,0.0
2020-12-10 18:00:00,0.0
2020-12-10 21:00:00,11610.983673036415
2020-12-11 00:00:00,204780.7681178673
2020-12-11 03:00:00,260280.21260962472
2020-12-11 06:00:00,97158.55744482756
2020-12-11 09:00:00,0.0
2020-12-11 12:00:00,0.0
2020-12-11 15:00:00,0.0
2020-12-11 18:00:00,0.0
2020-12-11 21:00:00,14273.983996274275
2020-12-12 00:00:00,215634.22084762334
2020-12-12 03:00:00,258348.56664019416
2020-12-12 06:00:00,119618.96012126326
2020-12-12 09:00:00,0.0
2020-12-12 12:00:00,0.0
2020-12-12 15:00:00,0.0
2020-12-12 18:00:00,0.0
2020-12-12 21:00:00,16251.354328320791
2020-12-13 00:00:00,211512.8930848557
2020-12-13 03:00:00,195890.59326066013
2020-12-13 06:00:00,97595.6025568307
2020-12-13 09:00:00,0.0
2020-12-13 12:00:00,0.0
2020-12-13 15:00:00,0.0
2020-12-13 18:00:00,0.0
2020-12-13 21:00:00,6782.416716490574
2020-12-14 00:00:00,148674.3001544545
2020-12-14 03:00:00,251677.03039340692
2020-12-14 06:00:00,117903.10476877204
2020-12-14 09:00:00,0.0
2020-12-14 12:00:00,0.0
2020-12-14 15:00:00,0.0
2020-12-14 18:00:00,0.0
2020-12-14 21:00:00,17200.844681078845
2020-12-15 00:00:00,202705.71558490433
2020-12-15 03:00:00,272433.3148863397
2020-12-15 06:00:00,132111.70549710514
2020-12-15 09:00:00,0.0
2020-12-15 12:00:00,0.0
2020-12-15 15:00:00,0.0
2020-12-15 18:00:00,0.0
2020-12-15 21:00:00,18312.65953045671
2020-12-16 00:00:00,243520.8518970781
2020-12-16 03:00:00,338748.12926708616
2020-12-16 06:00:00,146235.6553537554
2020-12-16 09:00:00,0.0
2020-12-16 12:00:00,0.0
2020-12-16 15:00:00,0.0
2020-12-16 18:00:00,0.0
2020-12-16 21:00:00,17097.235985239608
2020-12-17 00:00:00,222239.08619174798
2020-12-17 03:00:00,280470.82426650514
2020-12-17 06:00:00,136399.18980752074
2020-12-17 09:00:00,0.0
2020-12-17 12:00:00,0.0
2020-12-17 15:00:00,0.0
2020-12-17 18:00:00,0.0
2020-12-17 21:00:00,17584.043343189638
2020-12-18 00:00:00,223156.58693077837
2020-12-18 03:00:00,277368.2293975119
2020-12-18 06:00:00,103306.40245891291
2020-12-18 09:00:00,0.0
2020-12-18 12:00:00,0.0
2020-12-18 15:00:00,0.0
2020-12-18 18:00:00,0.0
2020-12-18 21:00:00,9269.999597852508
2020-12-19 00:00:00,176351.9516411255
2020-12-19 03:00:00,296929.1582477263
2020-12-19 06:00:00,140317.19449153778
2020-12-19 09:00:00,0.0
2020-12-19 12:00:00,0.0
2020-12-19 15:00:00,0.0
2020-12-19 18:00:00,0.0
2020-12-19 21:00:00,15584.908699650014
2020-12-20 00:00:00,228825.74243711797
2020-12-20 03:00:00,298163.5756425895
2020-12-20 06:00:00,132825.50253936215
2020-12-20 09:00:00,0.0
2020-12-20 12:00:00,0.0
2020-12-20 15:00:00,0.0
2020-12-20 18:00:00,0.0
2020-12-20 21:00:00,17659.79276142666
2020-12-21 00:00:00,231442.52449609677
2020-12-21 03:00:00,294744.02460526396
2020-12-21 06:00:00,136760.7572050238
2020-12-21 09:00:00,0.0
2020-12-21 12:00:00,0.0
2020-12-21 15:00:00,0.0
2020-12-21 18:00:00,0.0
2020-12-21 21:00:00,18776.079623525777
2020-12-22 00:00:00,250956.37302778536
2020-12-22 03:00:00,312765.5877028963
2020-12-22 06:00:00,144703.7129599825
2020-12-22 09:00:00,0.0
2020-12-22 12:00:00,0.0
2020-12-22 15:00:00,0.0
2020-12-22 18:00:00,0.0
2020-12-22 21:00:00,19702.59952217878
2020-12-23 00:00:00,262101.1895164464
2020-12-23 03:00:00,313433.7588482527
2020-12-23 06:00:00,114956.91422178551
2020-12-23 09:00:00,0.0
2020-12-23 12:00:00,0.0
2020-12-23 15:00:00,0.0
2020-12-23 18:00:00,0.0
2020-12-23 21:00:00,8054.133994122432
2020-12-24 00:00:00,61832.22502210331
2020-12-24 03:00:00,65802.7410046075
2020-12-24 06:00:00,26570.963870759177
2020-12-24 09:00:00,0.0
2020-12-24 12:00:00,0.0
2020-12-24 15:00:00,0.0
2020-12-24 18:00:00,0.0
2020-12-24 21:00:00,13678.566115582913
2020-12-25 00:00:00,213820.917038414
2020-12-25 03:00:00,306435.4419601638
2020-12-25 06:00:00,149148.50234985957
2020-12-25 09:00:00,0.0
2020-12-25 12:00:00,0.0
2020-12-25 15:00:00,0.0
2020-12-25 18:00:00,0.0
2020-12-25 21:00:00,11727.871366645833
2020-12-26 00:00:00,206917.4955313986
2020-12-26 03:00:00,345908.3234091662
2020-12-26 06:00:00,159360.9662190185
2020-12-26 09:00:00,0.0
2020-12-26 12:00:00,0.0
2020-12-26 15:00:00,0.0
2020-12-26 18:00:00,0.0
2020-12-26 21:00:00,13609.367448280324
2020-12-27 00:00:00,231796.1516269873
2020-12-27 03:00:00,298925.17611275974
2020-12-27 06:00:00,106311.26202049828
2020-12-27 09:00:00,0.0
2020-12-27 12:00:00,0.0
2020-12-27 15:00:00,0.0
2020-12-27 18:00:00,0.0
2020-12-27 21:00:00,6418.980711879526
2020-12-28 00:00:00,167278.28504703718
2020-12-28 03:00:00,311511.7017634318
2020-12-28 06:00:00,166155.17624379904
2020-12-28 09:00:00,0.0
2020-12-28 12:00:00,0.0
2020-12-28 15:00:00,0.0
2020-12-28 18:00:00,0.0
2020-12-28 21:00:00,10137.481737662458
2020-12-29 00:00:00,207371.3034873889
2020-12-29 03:00:00,289063.0521242188
2020-12-29 06:00:00,129224.70419131327
2020-12-29 09:00:00,0.0
2020-12-29 12:00:00,0.0
2020-12-29 15:00:00,0.0
2020-12-29 18:00:00,0.0
2020-12-29 21:00:00,2786.7054731802223
2020-12-30 00:00:00,104862.98596327333
2020-12-30 03:00:00,195793.52907377674
2020-12-30 06:00:00,140620.72418895504
2020-12-30 09:00:00,0.0
2020-12-30 12:00:00,0.0
2020-12-30 15:00:00,0.0
2020-12-30 18:00:00,0.0
2020-12-30 21:00:00,17385.29502011181
2020-12-31 00:00:00,237401.49756038628
2020-12-31 03:00:00,342732.79778099677
2020-12-31 06:00:00,165476.73907071954
2020-12-31 09:00:00,0.0
2020-12-31 12:00:00,0.0
2020-12-31 15:00:00,0.0
2020-12-31 18:00:00,0.0
2020-12-31 21:00:00,16452.646077447374
